ticker,code,name,segment,sector33,topix_size,is_prime
1301.T,1301,"KYOKUYO CO.,LTD.",Prime,"Fishery, Agriculture and Forestry",TOPIX Small 1,True
130A.T,130A,Veritas In Silico Inc.,Growth,Pharmaceutical,-,False
1332.T,1332,Nissui Corporation,Prime,"Fishery, Agriculture and Forestry",TOPIX Mid400,True
1333.T,1333,Umios Corporation,Prime,"Fishery, Agriculture and Forestry",TOPIX Mid400,True
135A.T,135A,"VRAIN Solution,Inc.",Growth,Information & Communication,-,False
1375.T,1375,"YUKIGUNI FACTORY CO.,LTD.",Prime,"Fishery, Agriculture and Forestry",TOPIX Small 2,True
1376.T,1376,"KANEKO SEEDS CO.,LTD.",Standard,"Fishery, Agriculture and Forestry",TOPIX Small 2,False
1377.T,1377,SAKATA SEED CORPORATION,Prime,"Fishery, Agriculture and Forestry",TOPIX Small 1,True
1379.T,1379,HOKUTO CORPORATION,Prime,"Fishery, Agriculture and Forestry",TOPIX Small 2,True
137A.T,137A,"Cocolive,Inc.",Growth,Information & Communication,-,False
1380.T,1380,"AKIKAWA FOODS & FARMS CO.,LTD.",Standard,"Fishery, Agriculture and Forestry",-,False
1381.T,1381,"AXYZ CO.,Ltd.",Standard,"Fishery, Agriculture and Forestry",-,False
1382.T,1382,"HOB Co.,Ltd.",Standard,"Fishery, Agriculture and Forestry",-,False
1383.T,1383,"Berg Earth co.,ltd.",Standard,"Fishery, Agriculture and Forestry",-,False
1384.T,1384,"Hokuryo Co.,Ltd.",Standard,"Fishery, Agriculture and Forestry",-,False
138A.T,138A,"Hikari Food Service Co.,Ltd.",Growth,Retail Trade,-,False
1401.T,1401,"mbs,inc.",Growth,Construction,-,False
1407.T,1407,West Holdings Corporation,Standard,Construction,-,False
1414.T,1414,"SHO-BOND Holdings Co.,Ltd.",Prime,Construction,TOPIX Mid400,True
1417.T,1417,MIRAIT ONE Corporation,Prime,Construction,TOPIX Mid400,True
1418.T,1418,"INTERLIFE HOLDINGS CO.,LTD.",Standard,Construction,-,False
1419.T,1419,"Tama Home Co.,Ltd.",Prime,Construction,TOPIX Small 1,True
141A.T,141A,"TRIAL Holdings,Inc.",Growth,Retail Trade,-,False
1420.T,1420,Sanyo Homes Corporation,Standard,Construction,-,False
1429.T,1429,"Nippon Aqua Co.,Ltd.",Prime,Construction,-,True
142A.T,142A,"JINJIB Co.,Ltd.",Growth,Services,-,False
1430.T,1430,First-corporation Inc.,Standard,Construction,-,False
1431.T,1431,"Lib Work Co.,Ltd.",Growth,Construction,-,False
1433.T,1433,"BESTERRA CO.,LTD",Prime,Construction,-,True
1434.T,1434,"JESCO Holdings,Inc.",Standard,Construction,-,False
1435.T,1435,robot home Inc.,Standard,Real Estate,TOPIX Small 2,False
1436.T,1436,GreenEnergy & Company Inc.,Growth,Construction,-,False
1438.T,1438,"Gifu landscape architect Co.,Ltd.",Standard,Construction,-,False
143A.T,143A,"Ishin Co.,Ltd.",Growth,Services,-,False
1443.T,1443,"Giken Holdings Co.,Ltd.",Standard,Construction,-,False
1444.T,1444,"Nissou Co.,Ltd.",Growth,Construction,-,False
1446.T,1446,"CANDEAL Co.,Ltd.",Standard,Construction,-,False
1447.T,1447,"SAAF Holdings Co.,Ltd.",Growth,Construction,-,False
1450.T,1450,TANAKEN Inc.,Standard,Construction,-,False
145A.T,145A,L is B Corp.,Growth,Information & Communication,-,False
146A.T,146A,Columbia Works Inc.,Standard,Real Estate,-,False
147A.T,147A,"SORACOM,INC.",Growth,Information & Communication,-,False
148A.T,148A,"HATCH WORK CO.,LTD.",Growth,Information & Communication,-,False
1491.T,1491,"Chugai Mining Co.,Ltd.",Standard,Nonferrous Metals,-,False
149A.T,149A,"Thinca Co.,Ltd.",Growth,Information & Communication,-,False
150A.T,150A,"JSH Co.,Ltd.",Growth,Services,-,False
1514.T,1514,"Sumiseki Holdings,Inc.",Standard,Mining,TOPIX Small 2,False
1515.T,1515,"Nittetsu Mining Co.,Ltd.",Prime,Mining,TOPIX Small 1,True
1518.T,1518,"MITSUI MATSUSHIMA HOLDINGS CO.,LTD.",Prime,Other Products,TOPIX Small 1,True
151A.T,151A,Dive Group Inc.,Growth,Services,-,False
153A.T,153A,Caulis Inc.,Growth,Information & Communication,-,False
155A.T,155A,"Information Strategy and Technology Co.,Ltd.",Growth,Information & Communication,-,False
156A.T,156A,Material Group Inc.,Growth,Services,-,False
157A.T,157A,Green Monster Inc.,Growth,Services,-,False
1605.T,1605,INPEX CORPORATION,Prime,Mining,TOPIX Mid400,True
160A.T,160A,"As Partners CO.,LTD.",Standard,Services,-,False
1662.T,1662,"Japan Petroleum Exploration Co.,Ltd.",Prime,Mining,TOPIX Small 1,True
1663.T,1663,K&O Energy Group Inc.,Prime,Mining,TOPIX Small 1,True
166A.T,166A,TASUKI Holdings Inc.,Prime,Real Estate,TOPIX Small 2,True
167A.T,167A,"Ryoyo Ryosan Holdings,Inc.",Prime,Wholesale Trade,TOPIX Small 1,True
168A.T,168A,itamiarts inc.,Growth,Other Products,-,False
1711.T,1711,"SDS HOLDINGS Co.,Ltd.",Standard,Construction,-,False
1716.T,1716,DAI-ICHI CUTTER KOGYO K.K.,Standard,Construction,TOPIX Small 2,False
1717.T,1717,Meiho Facility Works Ltd.,Standard,Services,-,False
1718.T,1718,"MIKIKOGYO CO.,LTD.",Standard,Construction,-,False
1719.T,1719,HAZAMA ANDO CORPORATION,Prime,Construction,TOPIX Mid400,True
1720.T,1720,"TOKYU CONSTRUCTION CO., LTD.",Prime,Construction,TOPIX Small 1,True
1721.T,1721,COMSYS Holdings Corporation,Prime,Construction,TOPIX Mid400,True
1723.T,1723,"NIHON DENGI CO.,LTD.",Standard,Construction,-,False
1724.T,1724,SYNCLAYER INC.,Standard,Construction,-,False
1736.T,1736,OTEC CORPORATION,Standard,Construction,-,False
173A.T,173A,Hammock Inc.,Growth,Information & Communication,-,False
1758.T,1758,"Taiyo Kisokogyo Co.,Ltd.",Standard,Construction,-,False
175A.T,175A,"Will Smart Co.,LTD.",Growth,Information & Communication,-,False
1762.T,1762,"TAKAMATSU CONSTRUCTION GROUP CO.,LTD.",Prime,Construction,TOPIX Small 2,True
1764.T,1764,KUDO CORPORATION,Standard,Construction,-,False
1766.T,1766,TOKEN CORPORATION,Prime,Construction,TOPIX Small 1,True
1768.T,1768,SONEC CORPORATION,Standard,Construction,-,False
1770.T,1770,"FUJITA ENGINEERING CO.,LTD.",Standard,Construction,-,False
177A.T,177A,"Kohjin Bio Co.,Ltd.",Growth,Chemicals,-,False
1780.T,1780,YAMAURA CORPORATION,Prime,Construction,TOPIX Small 2,True
1783.T,1783,"Fantasista Co.,Ltd.",Standard,Real Estate,-,False
1786.T,1786,Oriental Shiraishi Corporation,Prime,Construction,TOPIX Small 2,True
1787.T,1787,"Nakabohtec Corrosion Protecting Co.,Ltd.",Standard,Construction,-,False
1788.T,1788,SANTO CORPORATION,Standard,Construction,-,False
1793.T,1793,"OHMOTO GUMI CO.,LTD.",Standard,Construction,-,False
1795.T,1795,MASARU CORPORATION,Standard,Construction,-,False
1798.T,1798,MORIYA CORPORATION,Standard,Construction,-,False
1799.T,1799,DAIICHI KENSETSU CORPORATION,Standard,Construction,-,False
1801.T,1801,TAISEI CORPORATION,Prime,Construction,TOPIX Mid400,True
1802.T,1802,OBAYASHI CORPORATION,Prime,Construction,TOPIX Mid400,True
1803.T,1803,SHIMIZU CORPORATION,Prime,Construction,TOPIX Mid400,True
1807.T,1807,"WATANABE SATO CO.,LTD.",Standard,Construction,-,False
1808.T,1808,HASEKO Corporation,Prime,Construction,TOPIX Mid400,True
1810.T,1810,"MATSUI CONSTRUCTION CO.,LTD.",Standard,Construction,TOPIX Small 2,False
1811.T,1811,THE ZENITAKA CORPORATION,Standard,Construction,-,False
1812.T,1812,KAJIMA CORPORATION,Prime,Construction,TOPIX Mid400,True
1813.T,1813,Fudo Tetra Corporation,Prime,Construction,TOPIX Small 2,True
1814.T,1814,"DAISUE CONSTRUCTION CO.,LTD.",Prime,Construction,-,True
1815.T,1815,TEKKEN CORPORATION,Prime,Construction,TOPIX Small 2,True
1820.T,1820,"Nishimatsu Construction Co.,Ltd.",Prime,Construction,TOPIX Mid400,True
1822.T,1822,DAIHO CORPORATION,Standard,Construction,TOPIX Small 2,False
1826.T,1826,"Sata Construction Co.,Ltd.",Standard,Construction,-,False
1827.T,1827,NAKANO CORPORATION,Standard,Construction,-,False
1828.T,1828,TANABE ENGINEERING CORPORATION,Standard,Construction,-,False
1833.T,1833,OKUMURA CORPORATION,Prime,Construction,TOPIX Small 1,True
1835.T,1835,"TOTETSU KOGYO CO.,LTD.",Prime,Construction,TOPIX Small 1,True
1840.T,1840,"TSUCHIYA HOLDINGS CO.,LTD.",Standard,Construction,-,False
1844.T,1844,"OHMORI CO.,LTD.",Standard,Construction,-,False
1847.T,1847,"ICHIKEN Co.,Ltd.",Standard,Construction,-,False
1848.T,1848,FUJI P.S CORPORATION,Standard,Construction,-,False
184A.T,184A,"Manabi-aid Co.,Ltd.",Growth,Information & Communication,-,False
1850.T,1850,"Nankai Tatsumura Construction Co.,Ltd.",Standard,Construction,-,False
1852.T,1852,ASANUMA CORPORATION,Prime,Construction,TOPIX Small 1,True
1853.T,1853,"Mori-Gumi Co.,Ltd.",Standard,Construction,-,False
1860.T,1860,TODA CORPORATION,Prime,Construction,TOPIX Mid400,True
1861.T,1861,"Kumagai Gumi Co.,Ltd.",Prime,Construction,TOPIX Small 1,True
1866.T,1866,KITANO CONSTRUCTION CORP.,Standard,Construction,-,False
1867.T,1867,UEKI CORPORATION,Standard,Construction,-,False
186A.T,186A,Astroscale Holdings Inc.,Growth,Services,-,False
1870.T,1870,"YAHAGI CONSTRUCTION CO.,LTD.",Prime,Construction,TOPIX Small 1,True
1871.T,1871,"PS Construction Co.,Ltd.",Prime,Construction,TOPIX Small 2,True
1873.T,1873,"NIHON HOUSE HOLDINGS CO.,LTD.",Prime,Construction,TOPIX Small 2,True
1878.T,1878,"DAITO TRUST CONSTRUCTION CO.,LTD.",Prime,Real Estate,TOPIX Mid400,True
1879.T,1879,SHINNIHON CORPORATION,Prime,Construction,TOPIX Small 2,True
1882.T,1882,TOA ROAD CORPORATION,Prime,Construction,TOPIX Small 1,True
1885.T,1885,TOA CORPORATION,Prime,Construction,TOPIX Small 1,True
1887.T,1887,JDC CORPORATION,Prime,Construction,TOPIX Small 2,True
1888.T,1888,"WAKACHIKU CONSTRUCTION CO.,LTD.",Prime,Construction,TOPIX Small 2,True
1893.T,1893,"PENTA-OCEAN CONSTRUCTION CO.,LTD.",Prime,Construction,TOPIX Mid400,True
1897.T,1897,"The Kaneshita Construction Co.,Ltd.",Standard,Construction,-,False
1898.T,1898,"SEIKITOKYU KOGYO CO.,LTD.",Prime,Construction,TOPIX Small 1,True
1899.T,1899,FUKUDA CORPORATION,Prime,Construction,TOPIX Small 2,True
189A.T,189A,"D&M COMPANY CO.,LTD",Growth,Services,-,False
1904.T,1904,"TAISEI ONCHO CO.,LTD.",Standard,Construction,-,False
1905.T,1905,TENOX CORPORATION,Standard,Construction,-,False
1909.T,1909,"Nippon Dry-Chemical CO.,LTD.",Standard,Machinery,-,False
190A.T,190A,Chordia Therapeutics Inc.,Growth,Pharmaceutical,-,False
1911.T,1911,"Sumitomo Forestry Co.,Ltd.",Prime,Construction,TOPIX Mid400,True
1914.T,1914,"JAPAN FOUNDATION ENGINEERING CO.,LTD.",Standard,Construction,-,False
1921.T,1921,TOMOE CORPORATION,Standard,Construction,-,False
1925.T,1925,"DAIWA HOUSE INDUSTRY CO.,LTD.",Prime,Construction,TOPIX Large70,True
1926.T,1926,"RAITO KOGYO CO.,LTD.",Prime,Construction,TOPIX Small 1,True
1928.T,1928,"Sekisui House,Ltd.",Prime,Construction,TOPIX Large70,True
1929.T,1929,"NITTOC CONSTRUCTION CO.,LTD.",Prime,Construction,TOPIX Small 2,True
192A.T,192A,Integroup Inc.,Growth,Services,-,False
1930.T,1930,"HOKURIKU ELECTRICAL CONSTRUCTION CO.,LTD.",Prime,Construction,TOPIX Small 2,True
1934.T,1934,YURTEC CORPORATION,Prime,Construction,TOPIX Small 1,True
1938.T,1938,"NIPPON RIETEC CO.,LTD.",Prime,Construction,TOPIX Small 2,True
1939.T,1939,YONDENKO CORPORATION,Prime,Construction,TOPIX Small 2,True
1941.T,1941,CHUDENKO CORPORATION,Prime,Construction,TOPIX Small 1,True
1942.T,1942,"KANDENKO CO.,LTD.",Prime,Construction,TOPIX Mid400,True
1944.T,1944,KINDEN CORPORATION,Prime,Construction,TOPIX Mid400,True
1945.T,1945,TOKYO ENERGY & SYSTEMS INC.,Prime,Construction,TOPIX Small 2,True
1946.T,1946,TOENEC CORPORATION,Prime,Construction,TOPIX Small 2,True
1948.T,1948,"The Kodensha,Co.,Ltd.",Standard,Construction,-,False
194A.T,194A,"WOLVES HAND Co.,Ltd.",Growth,Services,-,False
1950.T,1950,"NIPPON DENSETSU KOGYO CO.,LTD.",Prime,Construction,TOPIX Small 1,True
1951.T,1951,"EXEO Group,Inc.",Prime,Construction,TOPIX Mid400,True
1952.T,1952,"Shin Nippon Air Technologies Co.,Ltd.",Prime,Construction,TOPIX Small 1,True
1959.T,1959,KRAFTIA CORPORATION,Prime,Construction,TOPIX Mid400,True
195A.T,195A,MUSCAT GROUP Inc.,Growth,Services,-,False
1960.T,1960,Sanyo Engineering & Construction Inc.,Standard,Construction,-,False
1961.T,1961,"SANKI ENGINEERING CO.,LTD.",Prime,Construction,TOPIX Small 1,True
1963.T,1963,JGC HOLDINGS CORPORATION,Prime,Construction,TOPIX Mid400,True
1964.T,1964,"Chugai Ro Co.,Ltd.",Prime,Construction,TOPIX Small 2,True
1965.T,1965,TECHNO RYOWA LTD.,Standard,Construction,-,False
1966.T,1966,TAKADA CORPORATION,Standard,Construction,-,False
1967.T,1967,YAMATO CORPORATION,Standard,Construction,-,False
1968.T,1968,"TAIHEI DENGYO KAISHA,LTD.",Prime,Construction,TOPIX Small 1,True
1969.T,1969,"Takasago Thermal Engineering Co.,Ltd.",Prime,Construction,TOPIX Mid400,True
196A.T,196A,"MFS,Inc.",Growth,Other Financing Business,-,False
1972.T,1972,"SANKO METAL INDUSTRIAL CO.,LTD.",Standard,Construction,-,False
1975.T,1975,"ASAHI KOGYOSHA CO.,LTD.",Prime,Construction,TOPIX Small 1,True
1976.T,1976,"MEISEI INDUSTRIAL Co.,Ltd.",Prime,Construction,TOPIX Small 2,True
1979.T,1979,Taikisha Ltd.,Prime,Construction,TOPIX Small 1,True
197A.T,197A,"TAUNS Laboratories,Inc.",Standard,Pharmaceutical,-,False
1980.T,1980,"DAI-DAN CO.,LTD.",Prime,Construction,TOPIX Small 1,True
1981.T,1981,"KYOWANISSEI CO.,LTD.",Standard,Construction,-,False
1982.T,1982,"Hibiya Engineering,Ltd.",Prime,Construction,TOPIX Small 2,True
198A.T,198A,PostPrime Inc.,Growth,Information & Communication,-,False
1992.T,1992,"KANDA TSUSHINKI CO.,LTD.",Standard,Construction,-,False
1994.T,1994,TAKAHASHI CURTAIN WALL CORPORATION,Standard,Construction,-,False
1997.T,1997,"AKATSUKI EAZIMA CO.,LTD.",Standard,Construction,-,False
2001.T,2001,NIPPN CORPORATION,Prime,Foods,TOPIX Small 1,True
2002.T,2002,NISSHIN SEIFUN GROUP INC.,Prime,Foods,TOPIX Mid400,True
2003.T,2003,"NITTO FUJI FLOUR MILLING CO.,LTD.",Standard,Foods,TOPIX Small 2,False
2004.T,2004,"Showa Sangyo Co.,Ltd.",Prime,Foods,TOPIX Small 2,True
2009.T,2009,"THE TORIGOE CO.,LTD.",Standard,Foods,-,False
2053.T,2053,"CHUBU SHIRYO CO.,LTD.",Prime,Foods,TOPIX Small 2,True
2055.T,2055,"NICHIWA SANGYO CO.,LTD.",Standard,Foods,-,False
205A.T,205A,LOGOS HOLDINGS INC.,Growth,Construction,-,False
2060.T,2060,"FEED ONE CO.,LTD.",Prime,Foods,TOPIX Small 2,True
206A.T,206A,"PRISM BioLab Co.,LTD",Growth,Pharmaceutical,-,False
208A.T,208A,KOZO KEIKAKU ENGINEERING HOLDINGS Inc.,Standard,Information & Communication,-,False
2108.T,2108,"Nippon Beet Sugar Manufacturing Co.,Ltd.",Prime,Foods,TOPIX Small 2,True
2109.T,2109,"Mitsui DM Sugar Co.,Ltd.",Prime,Foods,TOPIX Small 1,True
2112.T,2112,"Ensuiko Sugar Refining Co.,Ltd.",Standard,Foods,-,False
2114.T,2114,Fuji Nihon Corporation,Standard,Foods,-,False
2117.T,2117,"WELLNEO SUGAR Co.,Ltd.",Prime,Foods,TOPIX Small 2,True
211A.T,211A,Cados Corporation,Standard,Construction,-,False
2120.T,2120,"LIFULL Co.,Ltd.",Prime,Services,TOPIX Small 2,True
2121.T,2121,"MIXI,Inc.",Prime,Information & Communication,TOPIX Small 1,True
2122.T,2122,"Interspace Co.,Ltd.",Standard,Services,-,False
2124.T,2124,"JAC Recruitment Co.,Ltd.",Prime,Services,TOPIX Small 1,True
2127.T,2127,Nihon M&A Center Holdings Inc.,Prime,Services,TOPIX Mid400,True
212A.T,212A,FIT EASY Inc.,Prime,Services,TOPIX Small 2,True
2130.T,2130,"Members Co.,Ltd.",Prime,Services,TOPIX Small 2,True
2134.T,2134,"Kitahama Capital Partners Co.,Ltd.",Standard,Services,-,False
2136.T,2136,HIP CORPORATION,Standard,Services,-,False
2138.T,2138,"CROOZ,Inc.",Standard,Information & Communication,-,False
2139.T,2139,"CHUCO CO.,LTD.",Standard,Services,-,False
2146.T,2146,"UT Group Co.,Ltd.",Prime,Services,TOPIX Small 1,True
2148.T,2148,ITmedia Inc.,Prime,Services,TOPIX Small 2,True
2152.T,2152,Youji Corporation,Standard,Services,-,False
2153.T,2153,E・J Holdings Inc.,Prime,Services,TOPIX Small 2,True
2154.T,2154,Open Up Group Inc.,Prime,Services,TOPIX Small 1,True
2156.T,2156,SAYLOR ADVERTISING INC.,Standard,Services,-,False
2157.T,2157,"KOSHIDAKA HOLDINGS Co.,LTD.",Prime,Services,TOPIX Small 1,True
2158.T,2158,"FRONTEO,Inc.",Growth,Services,-,False
215A.T,215A,"Timee,Inc.",Growth,Services,-,False
2160.T,2160,GNI Group Ltd.,Growth,Pharmaceutical,-,False
2163.T,2163,"ARTNER CO.,LTD.",Prime,Services,-,True
2164.T,2164,"CHIIKISHINBUNSHA CO.,LTD.",Standard,Services,-,False
2168.T,2168,Pasona Group Inc.,Prime,Services,TOPIX Small 1,True
2169.T,2169,"CDS Co.,Ltd.",Standard,Services,-,False
2170.T,2170,Link and Motivation Inc.,Prime,Services,TOPIX Small 2,True
2173.T,2173,Hakuten Corporation,Growth,Services,-,False
2175.T,2175,"SMS CO.,LTD.",Prime,Services,TOPIX Small 1,True
2179.T,2179,"SEIGAKUSHA CO.,LTD.",Standard,Services,-,False
2180.T,2180,SUNNY SIDE UP GROUP Inc.,Standard,Services,-,False
2181.T,2181,"PERSOL HOLDINGS CO.,LTD.",Prime,Services,TOPIX Mid400,True
2183.T,2183,"Linical Co.,Ltd.",Standard,Services,-,False
2185.T,2185,CMC CORPORATION,Standard,Services,-,False
2186.T,2186,Sobal Corporation,Standard,Services,-,False
218A.T,218A,"Liberaware Co.,Ltd.",Growth,Precision Instruments,-,False
2193.T,2193,Cookpad Inc.,Standard,Services,TOPIX Small 2,False
2195.T,2195,"AMITA HOLDINGS CO.,LTD.",Growth,Services,-,False
2198.T,2198,IKK Holdings Inc.,Prime,Services,-,True
219A.T,219A,Heartseed Inc.,Growth,Pharmaceutical,-,False
2201.T,2201,"Morinaga & Co.,Ltd.",Prime,Foods,TOPIX Mid400,True
2204.T,2204,"NAKAMURAYA CO.,LTD.",Standard,Foods,TOPIX Small 2,False
2206.T,2206,"Ezaki Glico Co.,Ltd.",Prime,Foods,TOPIX Mid400,True
2207.T,2207,"MEITO CO.,LTD.",Prime,Foods,TOPIX Small 2,True
2208.T,2208,BOURBON CORPORATION,Standard,Foods,-,False
2209.T,2209,"IMURAYA GROUP CO.,LTD.",Prime,Foods,TOPIX Small 2,True
220A.T,220A,Faber Company Inc.,Standard,Information & Communication,-,False
2211.T,2211,"Fujiya Co.,Ltd.",Prime,Foods,TOPIX Small 2,True
2212.T,2212,"YAMAZAKI BAKING CO.,LTD.",Prime,Foods,TOPIX Mid400,True
2215.T,2215,"FIRST BAKING CO.,LTD.",Standard,Foods,-,False
2216.T,2216,Kanro Inc.,Standard,Foods,-,False
2217.T,2217,Morozoff Limited,Prime,Foods,TOPIX Small 2,True
2220.T,2220,"KAMEDA SEIKA CO.,LTD.",Prime,Foods,TOPIX Small 1,True
2221.T,2221,"IWATSUKA CONFECTIONERY CO.,LTD.",Standard,Foods,-,False
2222.T,2222,"Kotobuki Spirits Co.,Ltd.",Prime,Foods,TOPIX Mid400,True
2224.T,2224,"COMO CO.,LTD.",Standard,Foods,-,False
2226.T,2226,KOIKE-YA Inc.,Standard,Foods,-,False
2229.T,2229,"CALBEE,Inc.",Prime,Foods,TOPIX Mid400,True
2264.T,2264,"MORINAGA MILK INDUSTRY CO.,LTD.",Prime,Foods,TOPIX Mid400,True
2266.T,2266,"ROKKO BUTTER CO.,LTD.",Prime,Foods,TOPIX Small 2,True
2267.T,2267,"YAKULT HONSHA CO.,LTD.",Prime,Foods,TOPIX Mid400,True
2268.T,2268,"B-R 31 ICE CREAM CO.,LTD.",Standard,Foods,-,False
2269.T,2269,"Meiji Holdings Co.,Ltd.",Prime,Foods,TOPIX Mid400,True
2270.T,2270,"MEGMILK SNOW BRAND Co.,Ltd.",Prime,Foods,TOPIX Small 1,True
2281.T,2281,"Prima Meat Packers,Ltd.",Prime,Foods,TOPIX Small 1,True
2282.T,2282,NH Foods Ltd.,Prime,Foods,TOPIX Mid400,True
2286.T,2286,"Hayashikane Sangyo Co.,Ltd.",Standard,Foods,-,False
2288.T,2288,"MARUDAI FOOD CO.,LTD.",Prime,Foods,TOPIX Small 2,True
228A.T,228A,"OPRO Co.,Ltd.",Growth,Information & Communication,-,False
2291.T,2291,"FUKUTOME MEAT PACKERS,LTD.",Standard,Foods,-,False
2292.T,2292,S Foods Inc.,Prime,Foods,TOPIX Small 1,True
2293.T,2293,"TAKIZAWA HAM CO.,LTD.",Standard,Foods,-,False
2294.T,2294,"Kakiyasu Honten Co.,Ltd.",Prime,Foods,TOPIX Small 2,True
2296.T,2296,ITOHAM YONEKYU HOLDINGS INC.,Prime,Foods,TOPIX Small 1,True
2300.T,2300,"Kyokuto Co.,Ltd.",Standard,Services,-,False
2301.T,2301,"GAKUJO CO.,Ltd.",Prime,Services,TOPIX Small 2,True
2303.T,2303,Dawn Corporation,Standard,Information & Communication,-,False
2304.T,2304,"CSS HOLDINGS,LTD.",Standard,Services,-,False
2305.T,2305,"STUDIO ALICE Co.,Ltd.",Standard,Services,TOPIX Small 2,False
2307.T,2307,"CROSS CAT CO.,LTD.",Prime,Information & Communication,TOPIX Small 2,True
2311.T,2311,"EPCO Co.,Ltd.",Standard,Services,-,False
2315.T,2315,CAICA DIGITAL Inc.,Standard,Information & Communication,-,False
2317.T,2317,Systena Corporation,Prime,Information & Communication,TOPIX Small 1,True
2321.T,2321,Softfront Holdings,Growth,Information & Communication,-,False
2323.T,2323,fonfun corporation,Standard,Information & Communication,-,False
2325.T,2325,"NJS Co.,Ltd.",Prime,Services,TOPIX Small 2,True
2326.T,2326,Digital Arts Inc.,Prime,Information & Communication,TOPIX Small 1,True
2327.T,2327,NS Solutions Corporation,Prime,Information & Communication,TOPIX Mid400,True
2329.T,2329,TOHOKUSHINSHA FILM CORPORATION,Standard,Information & Communication,-,False
2330.T,2330,"Forside Co.,Ltd.",Standard,Information & Communication,-,False
2331.T,2331,"ALSOK CO.,LTD.",Prime,Services,TOPIX Mid400,True
2332.T,2332,"Quest Co.,Ltd.",Standard,Information & Communication,-,False
2334.T,2334,eole Inc.,Growth,Services,-,False
2335.T,2335,CUBE SYSTEM INC.,Prime,Information & Communication,TOPIX Small 2,True
2337.T,2337,Ichigo Inc.,Prime,Real Estate,TOPIX Small 1,True
2338.T,2338,"Quantum Solutions Co.,Ltd.",Standard,Information & Communication,-,False
2340.T,2340,"GOKURAKUYU HOLDINGS CO.,LTD.",Standard,Services,-,False
2341.T,2341,"ARBEIT-TIMES CO.,LTD.",Standard,Services,-,False
2342.T,2342,TRANSGENIC GROUP INC.,Standard,Services,-,False
2345.T,2345,"HODL1,inc.",Standard,Information & Communication,-,False
2349.T,2349,"Nippon Information Development Co.,Ltd.",Standard,Information & Communication,-,False
2351.T,2351,ASJ INC.,Standard,Information & Communication,-,False
2353.T,2353,"NIPPON PARKING DEVELOPMENT Co.,Ltd.",Prime,Real Estate,TOPIX Small 1,True
2354.T,2354,YE DIGITAL Corporation,Standard,Information & Communication,-,False
2359.T,2359,CORE CORPORATION,Prime,Information & Communication,TOPIX Small 2,True
2370.T,2370,"MEDINET Co.,Ltd.",Growth,Services,-,False
2371.T,2371,"Kakaku.com,Inc.",Prime,Services,TOPIX Mid400,True
2373.T,2373,CARE TWENTYONE CORPORATION,Standard,Services,-,False
2375.T,2375,GiG Works Inc.,Standard,Services,-,False
2376.T,2376,SCINEX CORPORATION,Standard,Services,-,False
2378.T,2378,"RENAISSANCE,INCORPORATED",Prime,Services,TOPIX Small 2,True
2379.T,2379,dip Corporation,Prime,Services,TOPIX Small 1,True
2384.T,2384,"SBS Holdings,Inc.",Prime,Land Transportation,TOPIX Small 1,True
2385.T,2385,Soiken Holdings Inc.,Growth,Services,-,False
2388.T,2388,"Wedge Holdings CO.,LTD.",Growth,Other Financing Business,-,False
2391.T,2391,"PLANET,INC.",Standard,Services,-,False
2393.T,2393,"Nippon Care Supply Co.,Ltd.",Standard,Services,-,False
2395.T,2395,"SHIN NIPPON BIOMEDICAL LABORATORIES,LTD.",Prime,Services,TOPIX Small 2,True
2404.T,2404,"TETSUJIN Holdings,Inc.",Standard,Services,-,False
2408.T,2408,"KG Intelligence CO.,LTD.",Standard,Services,-,False
2410.T,2410,"CAREER DESIGN CENTER CO.,LTD.",Prime,Services,-,True
2411.T,2411,GENDAI AGENCY INC.,Standard,Information & Communication,-,False
2413.T,2413,"M3,Inc.",Prime,Services,TOPIX Mid400,True
2415.T,2415,"Human Holdings Co.,Ltd.",Standard,Services,-,False
2418.T,2418,TSUKADA GLOBAL HOLDINGS Inc.,Standard,Services,-,False
241A.T,241A,"ROXX,inc.",Growth,Information & Communication,-,False
2424.T,2424,Brass Corporation,Standard,Services,-,False
2425.T,2425,"Care Service Co.,Ltd.",Standard,Services,-,False
2428.T,2428,WELLNET CORPORATION,Standard,Services,-,False
2429.T,2429,"WORLD HOLDINGS CO.,LTD.",Prime,Services,TOPIX Small 2,True
2432.T,2432,"DeNA Co.,Ltd.",Prime,Information & Communication,TOPIX Mid400,True
2433.T,2433,HAKUHODO DY HOLDINGS INCORPORATED,Prime,Services,TOPIX Mid400,True
2435.T,2435,"CEDAR.Co.,Ltd",Standard,Services,-,False
2436.T,2436,"KYODO PUBLIC RELATIONS CO.,LTD.",Standard,Services,-,False
2437.T,2437,"SHINWA WISE HOLDINGS CO.,LTD.",Standard,Services,-,False
2438.T,2438,"Asukanet Company,Limited",Growth,Services,-,False
2440.T,2440,"Gurunavi,Inc.",Standard,Services,TOPIX Small 2,False
2445.T,2445,"Takamiya Co.,Ltd.",Standard,Services,TOPIX Small 2,False
2449.T,2449,"PRAP Japan,Inc.",Standard,Services,-,False
244A.T,244A,"Growth xPartners,Inc.",Growth,Information & Communication,-,False
2454.T,2454,"All About,Inc.",Standard,Services,-,False
2459.T,2459,"AUN CONSULTING,Inc.",Standard,Services,-,False
245A.T,245A,INGS inc.,Growth,Retail Trade,-,False
2461.T,2461,"FAN Communications,Inc.",Prime,Services,TOPIX Small 2,True
2462.T,2462,"LIKE,Inc.",Prime,Services,TOPIX Small 2,True
2464.T,2464,"Aoba-BBT,Inc.",Standard,Services,-,False
2469.T,2469,Hibino Corporation,Standard,Services,-,False
246A.T,246A,ASUA Inc.,Growth,Services,-,False
2471.T,2471,"S-Pool,Inc.",Prime,Services,TOPIX Small 2,True
2475.T,2475,"WDB HOLDINGS CO.,LTD.",Prime,Services,TOPIX Small 2,True
2477.T,2477,"Temairazu,Inc.",Standard,Information & Communication,TOPIX Small 2,False
2479.T,2479,JTEC CORPORATION,Standard,Services,-,False
247A.T,247A,Ai ROBOTICS INC.,Growth,Chemicals,-,False
2480.T,2480,"System Location Co.,Ltd.",Standard,Information & Communication,-,False
2481.T,2481,"TOWNNEWS-SHA CO.,LTD.",Standard,Services,-,False
2483.T,2483,HONYAKU Center Inc.,Standard,Services,-,False
2484.T,2484,"DEMAE-CAN CO.,LTD",Standard,Information & Communication,-,False
2485.T,2485,TEAR Corporation,Standard,Services,-,False
2488.T,2488,"JTP CO.,LTD.",Standard,Services,-,False
2489.T,2489,Adways Inc.,Standard,Services,TOPIX Small 2,False
248A.T,248A,KIDS STAR Inc.,Growth,Information & Communication,-,False
2491.T,2491,"ValueCommerce Co.,Ltd.",Prime,Services,TOPIX Small 2,True
2492.T,2492,Infomart Corporation,Prime,Services,TOPIX Small 1,True
2493.T,2493,"E-SUPPORTLINK,Ltd.",Standard,Services,-,False
2497.T,2497,"UNITED,Inc.",Growth,Services,-,False
2498.T,2498,Oriental Consultants Holdings Company Limited,Standard,Services,-,False
2499.T,2499,"NIHONWASOU HOLDINGS,INC.",Standard,Services,-,False
2501.T,2501,SAPPORO BREWERIES LIMITED,Prime,Foods,TOPIX Mid400,True
2502.T,2502,"Asahi Group Holdings,Ltd.",Prime,Foods,TOPIX Large70,True
2503.T,2503,"Kirin Holdings Company,Limited",Prime,Foods,TOPIX Large70,True
250A.T,250A,Shimadaya Corporation,Standard,Foods,TOPIX Small 2,False
2531.T,2531,TAKARA HOLDINGS INC.,Prime,Foods,TOPIX Mid400,True
2533.T,2533,"Oenon Holdings,Inc.",Prime,Foods,TOPIX Small 2,True
253A.T,253A,"ETS Group Co.,Ltd.",Standard,Construction,-,False
254A.T,254A,AI FUSION CAPITAL GROUP CORP.,Standard,Securities and Commodities Futures,-,False
255A.T,255A,"GLTECHNO HOLDINGS,INC.",Standard,Precision Instruments,-,False
256A.T,256A,TOBISHIMA HOLDINGS Inc.,Prime,Construction,TOPIX Small 2,True
2573.T,2573,"HOKKAIDO COCA-COLA BOTTLING CO.,LTD.",Standard,Foods,-,False
2579.T,2579,Coca-Cola Bottlers Japan Holdings Inc.,Prime,Foods,TOPIX Mid400,True
2585.T,2585,"LIFEDRINK COMPANY,INC.",Prime,Foods,TOPIX Small 1,True
2586.T,2586,FRUTA FRUTA INC.,Growth,Foods,-,False
2587.T,2587,Suntory Beverage & Food Limited,Prime,Foods,TOPIX Mid400,True
2588.T,2588,"Premium Water Holdings,Inc.",Standard,Foods,-,False
2590.T,2590,"DyDo GROUP HOLDINGS,INC.",Prime,Foods,TOPIX Small 1,True
2593.T,2593,"ITO EN,LTD.",Prime,Foods,TOPIX Mid400,True
2594.T,2594,KEY COFFEE INC,Prime,Foods,TOPIX Small 2,True
2597.T,2597,UNICAFE INC.,Standard,Foods,-,False
2602.T,2602,"The Nisshin OilliO Group,Ltd.",Prime,Foods,TOPIX Small 1,True
2607.T,2607,"FUJI OIL CO.,LTD.",Prime,Foods,TOPIX Mid400,True
2612.T,2612,KADOYA SESAME MILLS INCORPORATED,Standard,Foods,-,False
2613.T,2613,"J-OIL MILLS, INC.",Prime,Foods,TOPIX Small 2,True
261A.T,261A,"Nihon Suido Consultants Co.,Ltd.",Standard,Services,-,False
262A.T,262A,INTERMESTIC INC.,Prime,Retail Trade,TOPIX Small 2,True
264A.T,264A,"Schoo,inc.",Growth,Services,-,False
2652.T,2652,MANDARAKE INC.,Standard,Retail Trade,-,False
2653.T,2653,"AEON KYUSHU CO.,LTD.",Standard,Retail Trade,-,False
2654.T,2654,ASMO CORPORATION,Standard,Retail Trade,-,False
2656.T,2656,Vector HOLDINGS Inc.,Standard,Retail Trade,-,False
2659.T,2659,"SAN-A CO.,LTD.",Prime,Retail Trade,TOPIX Small 1,True
265A.T,265A,Hmcomm Inc.,Growth,Information & Communication,-,False
2664.T,2664,CAWACHI LIMITED,Prime,Retail Trade,TOPIX Small 1,True
2666.T,2666,"AUTOWAVE Co.,Ltd.",Standard,Retail Trade,-,False
2667.T,2667,"ImageONE Co.,Ltd.",Standard,Wholesale Trade,-,False
2668.T,2668,Tabio Corporation,Standard,Wholesale Trade,-,False
2669.T,2669,"Kanemi Co.,Ltd.",Standard,Retail Trade,-,False
2670.T,2670,"ABC-MART,INC.",Prime,Retail Trade,TOPIX Mid400,True
2673.T,2673,"YUMEMITSUKETAI Co.,Ltd.",Standard,Retail Trade,-,False
2674.T,2674,"HARD OFF CORPORATION Co.,Ltd.",Prime,Retail Trade,TOPIX Small 2,True
2676.T,2676,"TAKACHIHO KOHEKI CO.,LTD.",Prime,Wholesale Trade,TOPIX Small 2,True
2678.T,2678,ASKUL Corporation,Prime,Retail Trade,TOPIX Small 1,True
2681.T,2681,GEO HOLDINGS CORPORATION,Prime,Retail Trade,TOPIX Small 1,True
2683.T,2683,"UOKI CO.,LTD.",Standard,Retail Trade,-,False
2685.T,2685,"and ST HD Co.,Ltd.",Prime,Retail Trade,TOPIX Small 1,True
2687.T,2687,CVS Bay Area Inc.,Standard,Services,-,False
2689.T,2689,"OLBA HEALTHCARE HOLDINGS,Inc.",Standard,Wholesale Trade,-,False
268A.T,268A,Rigaku Holdings Corporation,Prime,Precision Instruments,TOPIX Small 1,True
2693.T,2693,YKT CORPORATION,Standard,Wholesale Trade,-,False
2694.T,2694,Yakiniku Sakai Holdings Inc.,Standard,Retail Trade,-,False
2695.T,2695,"Kura Sushi,Inc.",Prime,Retail Trade,TOPIX Small 1,True
2698.T,2698,"CAN DO CO.,LTD.",Standard,Retail Trade,TOPIX Small 2,False
269A.T,269A,Sapeet Inc.,Growth,Information & Communication,-,False
2700.T,2700,"KITOKU SHINRYO CO.,LTD.",Standard,Wholesale Trade,-,False
2702.T,2702,"McDonald's Holdings Company(Japan),Ltd.",Standard,Retail Trade,-,False
2705.T,2705,"OOTOYA Holdings Co.,Ltd.",Standard,Retail Trade,-,False
2708.T,2708,"KUZE CO.,LTD.",Standard,Wholesale Trade,-,False
2721.T,2721,J-Holdings Corp.,Standard,Wholesale Trade,-,False
2722.T,2722,"IK HOLDINGS Co.,Ltd.",Standard,Retail Trade,-,False
2726.T,2726,"PAL GROUP Holdings CO.,LTD",Prime,Retail Trade,TOPIX Small 1,True
2730.T,2730,EDION Corporation,Prime,Retail Trade,TOPIX Small 1,True
2733.T,2733,ARATA CORPORATION,Prime,Wholesale Trade,TOPIX Small 1,True
2734.T,2734,SALA CORPORATION,Prime,Retail Trade,TOPIX Small 2,True
2735.T,2735,"WATTS CO.,LTD.",Standard,Retail Trade,-,False
2736.T,2736,"Festaria Holdings Co.,Ltd.",Standard,Retail Trade,-,False
2737.T,2737,TOMEN DEVICES CORPORATION,Prime,Wholesale Trade,TOPIX Small 2,True
2742.T,2742,"HALOWS CO.,LTD.",Prime,Retail Trade,TOPIX Small 2,True
2747.T,2747,"Hokuyu Lucky Co.,Ltd.",Standard,Retail Trade,-,False
2749.T,2749,"JP-HOLDINGS,INC.",Prime,Services,TOPIX Small 1,True
274A.T,274A,"Garden Co.,Ltd.",Standard,Retail Trade,-,False
2750.T,2750,"S.ISHIMITSU&CO.,LTD.",Standard,Wholesale Trade,-,False
2751.T,2751,"TENPOS HOLDINGS Co.,Ltd.",Standard,Wholesale Trade,-,False
2752.T,2752,FUJIO FOOD GROUP INC.,Prime,Retail Trade,TOPIX Small 1,True
2753.T,2753,"AMIYAKI TEI CO.,LTD.",Prime,Retail Trade,TOPIX Small 2,True
2760.T,2760,TOKYO ELECTRON DEVICE LIMITED,Prime,Wholesale Trade,TOPIX Small 1,True
2762.T,2762,"SANKO MARKETING FOODS CO.,LTD.",Standard,Retail Trade,-,False
2764.T,2764,Hiramatsu Inc.,Standard,Retail Trade,-,False
2767.T,2767,TSUBURAYA FIELDS HOLDINGS INC.,Prime,Wholesale Trade,TOPIX Small 1,True
2768.T,2768,Sojitz Corporation,Prime,Wholesale Trade,TOPIX Mid400,True
2769.T,2769,"Village Vanguard CO.,LTD.",Standard,Retail Trade,-,False
276A.T,276A,CCReB Advisors Inc.,Growth,Real Estate,-,False
2776.T,2776,"SHINTO Holdings,Inc.",Standard,Wholesale Trade,-,False
2778.T,2778,"PALEMO HOLDINGS CO.,LTD.",Standard,Retail Trade,-,False
277A.T,277A,Globe-ing Inc.,Prime,Services,TOPIX Small 2,True
2780.T,2780,"Komehyo Holdings Co.,Ltd.",Standard,Retail Trade,-,False
2782.T,2782,"Seria Co.,Ltd.",Standard,Retail Trade,-,False
2784.T,2784,Alfresa Holdings Corporation,Prime,Wholesale Trade,TOPIX Mid400,True
2788.T,2788,"APPLE INTERNATIONAL CO.,LTD.",Standard,Wholesale Trade,-,False
2789.T,2789,"Karula Co.,LTD.",Standard,Retail Trade,-,False
278A.T,278A,Terra Drone Corporation,Growth,Precision Instruments,-,False
2790.T,2790,"NAFCO Co.,Ltd.",Standard,Retail Trade,-,False
2791.T,2791,"DAIKOKUTENBUSSAN CO.,LTD.",Prime,Retail Trade,TOPIX Small 1,True
2792.T,2792,"HONEYS HOLDINGS CO.,LTD.",Prime,Retail Trade,TOPIX Small 2,True
2795.T,2795,NIPPON PRIMEX INC.,Standard,Wholesale Trade,-,False
2796.T,2796,Pharmarise Holdings Corporation,Standard,Retail Trade,-,False
2798.T,2798,Y's table corporation,Standard,Retail Trade,-,False
2801.T,2801,KIKKOMAN CORPORATION,Prime,Foods,TOPIX Mid400,True
2802.T,2802,"Ajinomoto Co.,Inc.",Prime,Foods,TOPIX Large70,True
2804.T,2804,"BULL-DOG SAUCE CO.,LTD.",Prime,Foods,TOPIX Small 2,True
2805.T,2805,S&B FOODS INC.,Standard,Foods,-,False
2806.T,2806,YUTAKA FOODS CORPORATION,Standard,Foods,-,False
2809.T,2809,Kewpie Corporation,Prime,Foods,TOPIX Mid400,True
280A.T,280A,TMH Inc.,Growth,Wholesale Trade,-,False
2810.T,2810,House Foods Group Inc.,Prime,Foods,TOPIX Mid400,True
2811.T,2811,"KAGOME CO.,LTD.",Prime,Foods,TOPIX Mid400,True
2813.T,2813,"Wakou Shokuhin Co.,Ltd.",Standard,Foods,-,False
2814.T,2814,"SATO FOODS INDUSTRIES CO.,LTD.",Standard,Foods,-,False
2815.T,2815,"ARIAKE JAPAN Co.,Ltd.",Prime,Foods,TOPIX Small 1,True
2816.T,2816,"DAISHO CO.,LTD.",Standard,Foods,-,False
2818.T,2818,"PIETRO Co.,Ltd.",Standard,Foods,-,False
2819.T,2819,"EBARA Foods Industry,Inc.",Standard,Foods,TOPIX Small 2,False
281A.T,281A,"Informetis Co.,Ltd.",Growth,Information & Communication,-,False
2820.T,2820,Yamami Company,Standard,Foods,-,False
2831.T,2831,HAGOROMO FOODS CORPORATION,Standard,Foods,-,False
285A.T,285A,Kioxia Holdings Corporation,Prime,Electric Appliances,TOPIX Mid400,True
286A.T,286A,EUCALIA Inc.,Growth,Services,-,False
2871.T,2871,NICHIREI CORPORATION,Prime,Foods,TOPIX Mid400,True
2872.T,2872,"SEIHYO CO.,LTD.",Standard,Foods,-,False
2874.T,2874,"YOKOREI CO.,LTD.",Prime,Wholesale Trade,TOPIX Small 1,True
2875.T,2875,"TOYO SUISAN KAISHA,LTD.",Prime,Foods,TOPIX Mid400,True
2876.T,2876,Delsole Corporation,Standard,Foods,-,False
2877.T,2877,NittoBest Corporation,Standard,Foods,-,False
287A.T,287A,"Kuroda Group Co.,Ltd.",Standard,Wholesale Trade,-,False
2882.T,2882,"EAT&HOLDINGS Co.,Ltd",Prime,Foods,TOPIX Small 2,True
2883.T,2883,"DAIREI CO.,LTD.",Standard,Foods,-,False
2884.T,2884,Yoshimura Food Holdings K.K.,Prime,Foods,TOPIX Small 2,True
288A.T,288A,Laxus Technologies Inc.,Growth,Services,-,False
2892.T,2892,"NIHON SHOKUHIN KAKO CO.,LTD.",Standard,Foods,-,False
2894.T,2894,"Ishii Food Co.,Ltd.",Standard,Foods,-,False
2897.T,2897,"NISSIN FOODS HOLDINGS CO.,LTD.",Prime,Foods,TOPIX Mid400,True
2901.T,2901,Wel-Dish.Incorporated,Standard,Foods,-,False
2903.T,2903,"SHINOBU FOODS PRODUCTS CO.,LTD.",Standard,Foods,-,False
2904.T,2904,"ICHIMASA KAMABOKO CO.,LTD.",Standard,Foods,-,False
2907.T,2907,"AHJIKAN CO.,LTD.",Standard,Foods,-,False
2908.T,2908,"FUJICCO CO.,LTD.",Prime,Foods,TOPIX Small 2,True
290A.T,290A,Synspective Inc.,Growth,Information & Communication,-,False
2910.T,2910,"ROCK FIELD CO.,LTD.",Prime,Foods,TOPIX Small 2,True
2911.T,2911,"ASAHIMATSU FOODS CO.,LTD.",Standard,Foods,-,False
2914.T,2914,JAPAN TOBACCO INC.,Prime,Foods,TOPIX Core30,True
2915.T,2915,"KENKO Mayonnaise Co.,Ltd.",Prime,Foods,TOPIX Small 2,True
2916.T,2916,"Semba Tohka Industries Co.,Ltd",Standard,Foods,-,False
2917.T,2917,"OHMORIYA Co.,LTD.",Standard,Foods,-,False
2918.T,2918,"WARABEYA NICHIYO HOLDINGS CO.,LTD.",Prime,Foods,TOPIX Small 1,True
291A.T,291A,Reskill Corp.,Growth,Services,-,False
2922.T,2922,"NATORI CO.,LTD.",Prime,Foods,TOPIX Small 2,True
2923.T,2923,"SATO FOODS CO.,LTD.",Standard,Foods,-,False
2924.T,2924,"Ifuji Sangyo Co.,Ltd.",Standard,Foods,-,False
2926.T,2926,"SHINOZAKIYA,INC.",Standard,Foods,-,False
2927.T,2927,"AFC-HD AMS Life Science Co.,Ltd.",Standard,Foods,-,False
2929.T,2929,"Pharma Foods International Co.,Ltd.",Prime,Foods,TOPIX Small 2,True
2930.T,2930,Kitanotatsujin Corporation,Prime,Chemicals,TOPIX Small 2,True
2931.T,2931,"Euglena Co.,Ltd.",Prime,Foods,TOPIX Small 1,True
2932.T,2932,"STI Foods Holdings,Inc.",Standard,Foods,-,False
2933.T,2933,KIBUN FOODS INC.,Prime,Foods,TOPIX Small 2,True
2934.T,2934,"J Frontier Co.,Ltd.",Growth,Foods,-,False
2935.T,2935,"PICKLES HOLDINGS CO.,LTD.",Prime,Foods,TOPIX Small 2,True
2936.T,2936,"BASE FOOD,Inc.",Growth,Foods,-,False
2937.T,2937,"St.Cousair CO.,LTD.",Growth,Foods,-,False
2938.T,2938,"Okamura Foods Co.,Ltd.",Standard,Foods,-,False
2961.T,2961,NITCHO CORPORATION,Standard,Metal Products,-,False
2962.T,2962,"TECNISCO,LTD.",Standard,Metal Products,-,False
296A.T,296A,"Reiwa Accounting Holdings Co.,Ltd.",Growth,Services,-,False
2970.T,2970,"GLC GROUP,INC.",Standard,Real Estate,-,False
2975.T,2975,"Star Mica Holdings Co.,Ltd.",Prime,Real Estate,TOPIX Small 2,True
2978.T,2978,TSUKURUBA Inc.,Growth,Real Estate,-,False
297A.T,297A,"ALPICO HOLDINGS CO.,LTD.",Standard,Retail Trade,-,False
2980.T,2980,SRE Holdings Corporation,Prime,Real Estate,TOPIX Small 2,True
2981.T,2981,Landix Inc.,Growth,Real Estate,-,False
2982.T,2982,"A.D.Works Group Co.,Ltd.",Prime,Real Estate,-,True
2983.T,2983,"Arr Planner Co.,Ltd.",Growth,Real Estate,-,False
2984.T,2984,"Yamaichi Real Estate Co.,Ltd",Standard,Real Estate,-,False
2986.T,2986,"LA Holdings Co.,Ltd.",Growth,Real Estate,-,False
298A.T,298A,"GVA TECH,Inc.",Growth,Information & Communication,-,False
2991.T,2991,LANDNET Inc.,Standard,Real Estate,-,False
2993.T,2993,Choei Inc.,Standard,Real Estate,-,False
2997.T,2997,"STORAGE-OH Co.,Ltd.",Growth,Real Estate,-,False
2998.T,2998,CREAL Inc.,Growth,Real Estate,-,False
2999.T,2999,"Home Position Co.,Ltd.",Standard,Real Estate,-,False
299A.T,299A,"Kurashiru,Inc.",Growth,Services,-,False
3001.T,3001,"Katakura Industries Co.,Ltd.",Standard,Textiles and Apparels,TOPIX Small 2,False
3002.T,3002,GUNZE LIMITED,Prime,Textiles and Apparels,TOPIX Small 1,True
3003.T,3003,"Hulic Co.,Ltd.",Prime,Real Estate,TOPIX Mid400,True
3004.T,3004,SHINYEI KAISHA,Standard,Wholesale Trade,-,False
300A.T,300A,"MIC Co.,Ltd.",Standard,Services,-,False
3010.T,3010,"Polaris Holdings Co.,Ltd.",Standard,Services,-,False
3011.T,3011,"BANNERS CO.,LTD.",Standard,Retail Trade,-,False
3020.T,3020,"Applied Co.,Ltd.",Standard,Retail Trade,-,False
3021.T,3021,"Pacific Net Co.,Ltd.",Standard,Services,-,False
3023.T,3023,Rasa Corporation,Standard,Wholesale Trade,TOPIX Small 2,False
3024.T,3024,CREATE CORPORATION,Standard,Wholesale Trade,-,False
3028.T,3028,"Alpen Co.,Ltd.",Prime,Retail Trade,TOPIX Small 1,True
302A.T,302A,"b-style holdings,Inc.",Growth,Services,-,False
3030.T,3030,"HUB CO.,LTD.",Standard,Retail Trade,-,False
3031.T,3031,"RACCOON HOLDINGS,Inc.",Prime,Information & Communication,TOPIX Small 2,True
3034.T,3034,"Qol Holdings Co.,Ltd.",Prime,Retail Trade,TOPIX Small 1,True
3035.T,3035,ktk INC.,Standard,Wholesale Trade,-,False
3036.T,3036,ALCONIX CORPORATION,Prime,Wholesale Trade,TOPIX Small 1,True
3038.T,3038,"KOBE BUSSAN CO.,LTD.",Prime,Wholesale Trade,TOPIX Mid400,True
303A.T,303A,visumo Inc.,Growth,Information & Communication,-,False
3040.T,3040,SOLITON SYSTEMS K.K.,Prime,Information & Communication,TOPIX Small 2,True
3041.T,3041,"Beauty Kadan Holdings Co.,Ltd.",Standard,Wholesale Trade,-,False
3042.T,3042,SecuAvail Inc.,Standard,Information & Communication,-,False
3045.T,3045,"Kawasaki & Co.,Ltd.",Standard,Wholesale Trade,-,False
3046.T,3046,JINS HOLDINGS Inc.,Prime,Retail Trade,TOPIX Small 1,True
3048.T,3048,BIC CAMERA INC.,Prime,Retail Trade,TOPIX Mid400,True
304A.T,304A,"FORCIA,Inc.",Growth,Information & Communication,-,False
3050.T,3050,"DCM Holdings Co.,Ltd.",Prime,Retail Trade,TOPIX Small 1,True
3053.T,3053,"PEPPER FOOD SERVICE CO.,LTD.",Standard,Retail Trade,TOPIX Small 2,False
3054.T,3054,HYPER Inc.,Standard,Wholesale Trade,-,False
3058.T,3058,Sanyodo Holdings Inc.,Standard,Retail Trade,-,False
3059.T,3059,"HIRAKI CO.,LTD.",Standard,Retail Trade,-,False
3063.T,3063,j-Group Holdings Corp.,Growth,Retail Trade,-,False
3064.T,3064,"MonotaRO Co.,Ltd.",Prime,Retail Trade,TOPIX Mid400,True
3065.T,3065,"Life Foods Co.,Ltd.",Standard,Retail Trade,-,False
3067.T,3067,"TOKYO ICHIBAN FOODS CO.,LTD.",Standard,Retail Trade,-,False
3068.T,3068,WDI Corporation,Standard,Retail Trade,-,False
3069.T,3069,JFLA Holdings Inc.,Standard,Foods,-,False
3070.T,3070,"JELLY BEANS GROUP Co.,Ltd.",Growth,Wholesale Trade,-,False
3071.T,3071,"Stream Co.,Ltd.",Standard,Retail Trade,-,False
3075.T,3075,"Choushimaru Co.,Ltd.",Standard,Retail Trade,-,False
3076.T,3076,Ai Holdings Corporation,Prime,Wholesale Trade,TOPIX Small 1,True
3077.T,3077,"Horiifoodservice Co.,Ltd.",Standard,Retail Trade,-,False
3080.T,3080,"JASON CO.,LTD.",Standard,Retail Trade,-,False
3082.T,3082,"KICHIRI HOLDINGS & Co.,Ltd.",Standard,Retail Trade,-,False
3083.T,3083,"Star seeds Co.,Ltd.",Standard,Retail Trade,-,False
3086.T,3086,"J.FRONT RETAILING Co.,Ltd.",Prime,Retail Trade,TOPIX Mid400,True
3087.T,3087,"DOUTOR・NICHIRES Holdings Co.,Ltd.",Prime,Retail Trade,TOPIX Small 1,True
3088.T,3088,MatsukiyoCocokara & Co.,Prime,Retail Trade,TOPIX Mid400,True
3089.T,3089,"Techno Alpha Co.,Ltd.",Standard,Wholesale Trade,-,False
3091.T,3091,"BRONCO BILLY Co.,LTD.",Prime,Retail Trade,TOPIX Small 1,True
3092.T,3092,"ZOZO,Inc.",Prime,Retail Trade,TOPIX Mid400,True
3093.T,3093,"Treasure Factory Co.,LTD.",Prime,Retail Trade,TOPIX Small 2,True
3096.T,3096,OCEAN SYSTEM CORPORATION,Standard,Retail Trade,-,False
3097.T,3097,The Monogatari Corporation,Prime,Retail Trade,TOPIX Small 1,True
3099.T,3099,Isetan Mitsukoshi Holdings Ltd.,Prime,Retail Trade,TOPIX Mid400,True
3101.T,3101,"TOYOBO CO.,LTD.",Prime,Chemicals,TOPIX Small 1,True
3103.T,3103,UNITIKA LTD.,Standard,Textiles and Apparels,TOPIX Small 2,False
3104.T,3104,"Fujibo Holdings,Inc.",Prime,Textiles and Apparels,TOPIX Small 2,True
3105.T,3105,Nisshinbo Holdings Inc.,Prime,Electric Appliances,TOPIX Mid400,True
3106.T,3106,KURABO INDUSTRIES LTD.,Prime,Textiles and Apparels,TOPIX Small 1,True
3107.T,3107,"Daiwabo Holdings Co.,Ltd.",Prime,Wholesale Trade,TOPIX Mid400,True
3109.T,3109,SHIKIBO LTD.,Prime,Textiles and Apparels,TOPIX Small 2,True
3110.T,3110,"NITTO BOSEKI CO.,LTD.",Prime,Glass and Ceramics Products,TOPIX Small 1,True
3111.T,3111,"OMIKENSHI CO.,LTD.",Standard,Textiles and Apparels,-,False
3113.T,3113,UNIVA Oak Holdings Limited,Standard,Securities and Commodities Futures,-,False
3116.T,3116,TOYOTA BOSHOKU CORPORATION,Prime,Transportation Equipment,TOPIX Mid400,True
3121.T,3121,"MBK Co.,Ltd.",Standard,Services,-,False
3123.T,3123,"SAIBO Co.,Ltd.",Standard,Textiles and Apparels,-,False
3131.T,3131,SHINDEN HIGHTEX CORPORATION,Standard,Wholesale Trade,-,False
3132.T,3132,"MACNICA HOLDINGS,INC.",Prime,Wholesale Trade,TOPIX Mid400,True
3133.T,3133,"kaihan co.,Ltd.",Growth,Retail Trade,-,False
3134.T,3134,Hamee Corp.,Standard,Retail Trade,TOPIX Small 2,False
3135.T,3135,"MarketEnterprise Co.,Ltd",Standard,Retail Trade,-,False
3137.T,3137,"Fundely Co.,Ltd.",Standard,Retail Trade,-,False
3138.T,3138,"Fujisan Magazine Service Co.,Ltd.",Standard,Retail Trade,-,False
3139.T,3139,"Lacto Japan Co.,Ltd.",Prime,Wholesale Trade,TOPIX Small 2,True
3140.T,3140,"BRUNO,Inc.",Growth,Wholesale Trade,-,False
3143.T,3143,O'will Corporation,Standard,Wholesale Trade,-,False
3148.T,3148,"CREATE SD HOLDINGS CO.,LTD.",Prime,Retail Trade,TOPIX Small 1,True
3150.T,3150,"grems,Inc.",Prime,Electric Power and Gas,TOPIX Small 2,True
3151.T,3151,"VITAL KSK HOLDINGS,INC.",Prime,Wholesale Trade,TOPIX Small 2,True
3153.T,3153,"Yashima Denki Co.,Ltd.",Prime,Wholesale Trade,TOPIX Small 2,True
3154.T,3154,"MEDIUS HOLDINGS Co.,Ltd.",Prime,Wholesale Trade,TOPIX Small 2,True
3156.T,3156,Restar Corporation,Prime,Wholesale Trade,TOPIX Small 2,True
3157.T,3157,GEOLIVE Group Corporation,Standard,Wholesale Trade,-,False
3159.T,3159,"Maruzen CHI Holdings Co.,Ltd.",Standard,Retail Trade,-,False
3160.T,3160,"OOMITSU CO.,LTD.",Standard,Wholesale Trade,-,False
3161.T,3161,AZEARTH Corporation,Standard,Wholesale Trade,-,False
3166.T,3166,"OCHI HOLDINGS CO.,LTD.",Standard,Wholesale Trade,-,False
3167.T,3167,TOKAI Holdings Corporation,Prime,Wholesale Trade,TOPIX Small 1,True
3168.T,3168,MERF Inc.,Standard,Wholesale Trade,-,False
3169.T,3169,"Misawa & Co.,Ltd.",Standard,Retail Trade,-,False
3172.T,3172,"Tea Life Co.,Ltd.",Standard,Retail Trade,-,False
3173.T,3173,"Cominix Co.,Ltd.",Standard,Wholesale Trade,-,False
3174.T,3174,"Happiness and D Co.,Ltd.",Standard,Retail Trade,-,False
3175.T,3175,"AP HOLDINGS CO.,LTD.",Standard,Retail Trade,-,False
3176.T,3176,"Sanyo Trading Co.,Ltd.",Prime,Wholesale Trade,TOPIX Small 2,True
3177.T,3177,"ARIGATOU SERVICES COMPANY,LIMITED",Standard,Retail Trade,-,False
3178.T,3178,"CHIMNEY CO.,LTD.",Standard,Retail Trade,-,False
3179.T,3179,"Syuppin Co.,Ltd.",Prime,Retail Trade,TOPIX Small 2,True
3180.T,3180,BEAUTY GARAGE Inc.,Prime,Wholesale Trade,TOPIX Small 2,True
3181.T,3181,"KAITORI OKOKU CO.,LTD.",Standard,Retail Trade,-,False
3182.T,3182,Oisix Inc.,Prime,Retail Trade,TOPIX Small 1,True
3183.T,3183,"WIN-Partners Co.,Ltd.",Prime,Wholesale Trade,TOPIX Small 2,True
3184.T,3184,"International Conglomerate of Distribution for Automobile Holdings Co.,Ltd.",Standard,Retail Trade,-,False
3185.T,3185,"DREAM VISION CO.,LTD.",Growth,Retail Trade,-,False
3186.T,3186,"NEXTAGE Co.,Ltd.",Prime,Retail Trade,TOPIX Small 1,True
3187.T,3187,miratap inc.,Growth,Retail Trade,-,False
3189.T,3189,ANAP HOLDINGS INC.,Standard,Retail Trade,-,False
3190.T,3190,"HOTMAN Co.,Ltd.",Standard,Retail Trade,-,False
3191.T,3191,"JOYFUL HONDA CO.,LTD.",Prime,Retail Trade,TOPIX Small 1,True
3192.T,3192,"Shirohato Co.,Ltd.",Standard,Retail Trade,-,False
3193.T,3193,"Eternal Hospitality Group Co.,Ltd.",Prime,Retail Trade,TOPIX Small 2,True
3195.T,3195,"GENERATION PASS CO.,LTD.",Standard,Retail Trade,-,False
3196.T,3196,"HOTLAND HOLDINGS Co.,Ltd.",Prime,Retail Trade,TOPIX Small 2,True
3197.T,3197,"SKYLARK HOLDINGS CO.,LTD.",Prime,Retail Trade,TOPIX Mid400,True
3199.T,3199,"Watahan & Co.,Ltd.",Prime,Retail Trade,TOPIX Small 2,True
319A.T,319A,Next Generation Technology Group Inc.,Growth,Metal Products,-,False
3201.T,3201,"THE JAPAN WOOL TEXTILE CO.,LTD.",Prime,Textiles and Apparels,TOPIX Small 1,True
3202.T,3202,"Daitobo Co.,Ltd.",Standard,Textiles and Apparels,-,False
3204.T,3204,Toabo Corporation,Standard,Textiles and Apparels,-,False
3205.T,3205,DAIDOH LIMITED,Standard,Textiles and Apparels,-,False
3221.T,3221,"Yossix Holdings Co.,Ltd.",Prime,Retail Trade,TOPIX Small 2,True
3222.T,3222,United Super Markets Holdings Inc.,Standard,Retail Trade,TOPIX Small 1,False
3223.T,3223,SLD Entertainment Inc.,Standard,Retail Trade,-,False
3224.T,3224,"General Oyster,Inc.",Growth,Retail Trade,-,False
3231.T,3231,"Nomura Real Estate Holdings,Inc.",Prime,Real Estate,TOPIX Mid400,True
3232.T,3232,"Mie Kotsu Group Holdings,Inc.",Prime,Real Estate,TOPIX Small 2,True
3236.T,3236,"PROPERST CO.,LTD.",Standard,Real Estate,-,False
3237.T,3237,"INTRANCE CO.,LTD.",Growth,Real Estate,-,False
3238.T,3238,"CENTRAL GENERAL DEVELOPMENT CO.,LTD.",Standard,Real Estate,-,False
323A.T,323A,Flier Inc.,Growth,Information & Communication,-,False
3241.T,3241,"WILL,Co.,Ltd.",Standard,Real Estate,-,False
3242.T,3242,"URBANET CORPORATION CO.,LTD.",Standard,Real Estate,-,False
3245.T,3245,"DEAR LIFE CO.,LTD.",Prime,Real Estate,TOPIX Small 2,True
3246.T,3246,"KOSE R.E. Co.,Ltd.",Standard,Real Estate,-,False
3248.T,3248,"EARLY AGE CO.,Ltd.",Standard,Real Estate,-,False
324A.T,324A,"Booking Resort Co.,Ltd.",Growth,Services,-,False
3252.T,3252,"JINUSHI Co.,Ltd.",Prime,Real Estate,TOPIX Small 2,True
325A.T,325A,TENTIAL Inc.,Growth,Textiles and Apparels,-,False
3261.T,3261,"GRANDES,Inc.",Growth,Real Estate,-,False
3266.T,3266,"Fund Creation Group Co.,Ltd.",Standard,Real Estate,-,False
3267.T,3267,"Phil Company,Inc.",Standard,Construction,TOPIX Small 2,False
3276.T,3276,"Japan Property Management Center Co.,Ltd.",Prime,Real Estate,TOPIX Small 2,True
3277.T,3277,"Sansei Landic Co.,Ltd",Standard,Real Estate,-,False
3280.T,3280,"STrust Co.,Ltd.",Standard,Real Estate,-,False
3284.T,3284,"Hoosiers Holdings Co.,Ltd.",Prime,Real Estate,TOPIX Small 2,True
3286.T,3286,TRUST Holdings Inc.,Standard,Real Estate,-,False
3288.T,3288,"Open House Group Co.,Ltd.",Prime,Real Estate,TOPIX Mid400,True
3289.T,3289,Tokyu Fudosan Holdings Corporation,Prime,Real Estate,TOPIX Mid400,True
3291.T,3291,"Iida Group Holdings Co.,Ltd.",Prime,Real Estate,TOPIX Mid400,True
3293.T,3293,"AZUMA HOUSE Co.,Ltd.",Standard,Real Estate,-,False
3297.T,3297,"Toubujyuhan Co.,Ltd.",Standard,Real Estate,-,False
3299.T,3299,"MUGEN ESTATE Co.,Ltd.",Standard,Real Estate,-,False
3300.T,3300,"AMBITION DX HOLDINGS Co.,Ltd.",Growth,Real Estate,-,False
3302.T,3302,"TEIKOKU SEN-I Co.,Ltd.",Prime,Textiles and Apparels,TOPIX Small 2,True
3306.T,3306,"THE NIHON SEIMA CO.,LTD.",Standard,Wholesale Trade,-,False
330A.T,330A,TalentX Inc.,Growth,Information & Communication,-,False
3315.T,3315,"NIPPON COKE & ENGINEERING COMPANY,LIMITED",Prime,Oil and Coal Products,TOPIX Small 2,True
3317.T,3317,"FLYING GARDEN CO.,LTD.",Standard,Retail Trade,-,False
331A.T,331A,Medix Inc.,Standard,Services,-,False
3320.T,3320,CROSS PLUS INC.,Standard,Wholesale Trade,-,False
3321.T,3321,"MITACHI CO.,LTD.",Standard,Wholesale Trade,-,False
3323.T,3323,"RECOMM CO.,LTD.",Standard,Wholesale Trade,-,False
3326.T,3326,"RUNSYSTEM CO.,LTD.",Standard,Services,-,False
3329.T,3329,"TOWA FOOD SERVICE CO.,LTD.",Standard,Retail Trade,-,False
332A.T,332A,MEEQ Inc.,Growth,Information & Communication,-,False
3333.T,3333,"ASAHI CO.,LTD.",Prime,Retail Trade,TOPIX Small 2,True
3349.T,3349,COSMOS Pharmaceutical Corporation,Prime,Retail Trade,TOPIX Mid400,True
334A.T,334A,"Visual Processing Japan Co.,Ltd.",Growth,Information & Communication,-,False
3350.T,3350,Metaplanet Inc.,Standard,Wholesale Trade,-,False
3352.T,3352,"BUFFALO CO.,LTD.",Standard,Retail Trade,-,False
3353.T,3353,"Medical Ikkou Group Co.,Ltd.",Standard,Retail Trade,-,False
3355.T,3355,KURIYAMA HOLDINGS CORPORATION,Standard,Wholesale Trade,-,False
3358.T,3358,"Trailhead Global Holdings,Inc.",Standard,Retail Trade,-,False
3359.T,3359,"cotta CO.,LTD",Growth,Wholesale Trade,-,False
335A.T,335A,Mirairo Inc.,Growth,Information & Communication,-,False
3360.T,3360,"SHIP HEALTHCARE HOLDINGS,INC.",Prime,Wholesale Trade,TOPIX Mid400,True
3361.T,3361,"Toell Co.,Ltd.",Standard,Retail Trade,-,False
336A.T,336A,"Dynamic Map Platform Co.,Ltd.",Growth,Information & Communication,-,False
3370.T,3370,"FUJITA CORPORATION Co.,Ltd.",Standard,Retail Trade,-,False
3371.T,3371,SOFTCREATE HOLDINGS CORP.,Prime,Information & Communication,TOPIX Small 2,True
3372.T,3372,"KANMONKAI Co.,Ltd.",Standard,Retail Trade,-,False
3374.T,3374,Naigai Tec Corporation,Standard,Wholesale Trade,-,False
3375.T,3375,ZOA CORPORATION,Standard,Retail Trade,-,False
3377.T,3377,BIKE O & COMPANY Ltd.,Standard,Wholesale Trade,-,False
3382.T,3382,"Seven & i Holdings Co.,Ltd.",Prime,Retail Trade,TOPIX Core30,True
3386.T,3386,"COSMO BIO COMPANY,LIMITED",Standard,Wholesale Trade,-,False
3387.T,3387,create restaurants holdings inc.,Prime,Retail Trade,TOPIX Small 1,True
3388.T,3388,"MEIJI ELECTRIC INDUSTRIES CO.,LTD.",Prime,Wholesale Trade,TOPIX Small 2,True
338A.T,338A,"ZenmuTech,Inc.",Growth,Information & Communication,-,False
3391.T,3391,TSURUHA HOLDINGS INC.,Prime,Retail Trade,TOPIX Mid400,True
3392.T,3392,"DELICA FOODS HOLDINGS CO.,LTD.",Standard,Wholesale Trade,-,False
3393.T,3393,"Startia Holdings,Inc.",Prime,Wholesale Trade,-,True
3395.T,3395,"Saint Marc Holdings Co.,Ltd.",Prime,Retail Trade,TOPIX Small 1,True
3396.T,3396,FELISSIMO CORPORATION,Standard,Retail Trade,-,False
3397.T,3397,TORIDOLL Holdings Corporation,Prime,Retail Trade,TOPIX Mid400,True
3399.T,3399,Maruchiyo Yamaokaya Corporation,Standard,Retail Trade,-,False
339A.T,339A,"PROGRESS TECHNOLOGIES GROUP,Inc.",Growth,Services,-,False
3401.T,3401,TEIJIN LIMITED,Prime,Textiles and Apparels,TOPIX Mid400,True
3402.T,3402,"TORAY INDUSTRIES,INC.",Prime,Textiles and Apparels,TOPIX Mid400,True
3405.T,3405,"KURARAY CO.,LTD.",Prime,Chemicals,TOPIX Mid400,True
3407.T,3407,ASAHI KASEI CORPORATION,Prime,Chemicals,TOPIX Large70,True
3409.T,3409,"KITABO CO.,LTD",Standard,Textiles and Apparels,-,False
340A.T,340A,"zig-zag,Inc.",Growth,Information & Communication,-,False
3415.T,3415,"TOKYO BASE Co.,Ltd.",Prime,Retail Trade,TOPIX Small 2,True
3416.T,3416,PIXTA Inc.,Standard,Retail Trade,-,False
3417.T,3417,"OHKI HEALTHCARE HOLDINGS CO.,LTD.",Standard,Wholesale Trade,-,False
3418.T,3418,"BALNIBARBI Co.,Ltd.",Growth,Retail Trade,-,False
341A.T,341A,TOYOKOH Inc.,Growth,Construction,-,False
3420.T,3420,KFC Ltd,Standard,Metal Products,-,False
3421.T,3421,"INABA SEISAKUSHO Co.,Ltd.",Standard,Metal Products,TOPIX Small 2,False
3422.T,3422,"J-MAX Co.,Ltd.",Standard,Metal Products,-,False
3423.T,3423,S E Corporation,Standard,Metal Products,-,False
3426.T,3426,"ATOM LIVIN TECH Co.,Ltd.",Standard,Metal Products,-,False
3431.T,3431,"MIYAJI ENGINEERING GROUP,INC.",Prime,Metal Products,TOPIX Small 1,True
3433.T,3433,"TOCALO Co.,Ltd.",Prime,Metal Products,TOPIX Small 1,True
3434.T,3434,ALPHA Corporation,Standard,Metal Products,-,False
3435.T,3435,"SANKO TECHNO CO.,LTD.",Standard,Metal Products,-,False
3436.T,3436,SUMCO CORPORATION,Prime,Metal Products,TOPIX Mid400,True
3437.T,3437,"TOKUDEN CO.,LTD.",Standard,Metal Products,-,False
3439.T,3439,Mitsuchi Corporation,Standard,Metal Products,-,False
343A.T,343A,IACE TRAVEL Corporation.,Standard,Services,-,False
3440.T,3440,"NISSO GROUP Co.,Ltd.",Standard,Metal Products,-,False
3441.T,3441,"SANNO Co.,Ltd.",Standard,Metal Products,-,False
3443.T,3443,"KAWADA TECHNOLOGIES,INC.",Prime,Metal Products,TOPIX Small 2,True
3444.T,3444,"KIKUCHI SEISAKUSHO CO.,LTD.",Standard,Metal Products,-,False
3445.T,3445,"RS Technologies Co.,Ltd.",Prime,Metal Products,TOPIX Small 1,True
3446.T,3446,JTEC CORPORATION,Standard,Metal Products,-,False
3447.T,3447,"Shinwa Co.,Ltd.",Standard,Metal Products,-,False
3449.T,3449,TECHNOFLEX CORPORATION,Standard,Metal Products,-,False
3452.T,3452,B-Lot Company Limited,Standard,Real Estate,-,False
3454.T,3454,"First Brothers Co.,Ltd.",Standard,Real Estate,-,False
3457.T,3457,"&Do Holdings Co.,Ltd.",Prime,Real Estate,TOPIX Small 2,True
3461.T,3461,"Palma Co.,Ltd.",Standard,Real Estate,-,False
3465.T,3465,"KI-STAR REAL ESTATE CO.,LTD",Prime,Real Estate,TOPIX Small 1,True
3467.T,3467,Agratio urban design Inc.,Standard,Real Estate,-,False
3469.T,3469,"Dualtap Co.,Ltd.",Standard,Real Estate,-,False
3474.T,3474,"G-FACTORY CO.,LTD.",Growth,Real Estate,-,False
3475.T,3475,"Good Com Asset Co.,Ltd.",Prime,Real Estate,TOPIX Small 2,True
3477.T,3477,"FORLIFE Co.,Ltd.",Growth,Real Estate,-,False
3479.T,3479,TKP Corporation,Growth,Real Estate,-,False
3480.T,3480,"J.S.B.Co.,Ltd.",Prime,Real Estate,-,True
3482.T,3482,Loadstar Capital K.K.,Prime,Real Estate,TOPIX Small 2,True
3484.T,3484,"Innovation Holdings CO.,LTD.",Standard,Real Estate,-,False
3486.T,3486,GLOBAL LINK MANAGEMENT INC.,Prime,Real Estate,-,True
3489.T,3489,"FaithNetwork Co.,Ltd",Standard,Real Estate,-,False
3490.T,3490,"Azplanning Co.,Ltd.",Standard,Real Estate,-,False
3491.T,3491,"GAtechnologies Co.,Ltd.",Growth,Real Estate,-,False
3494.T,3494,"Mullion Co.,Ltd.",Standard,Real Estate,-,False
3495.T,3495,"Koryojyuhan Co.,Ltd.",Standard,Real Estate,-,False
3496.T,3496,"AZOOM CO.,LTD",Prime,Real Estate,TOPIX Small 2,True
3498.T,3498,"Kasumigaseki Capital Co.,Ltd.",Prime,Real Estate,TOPIX Small 1,True
3501.T,3501,"SUMINOE Co.,Ltd.",Prime,Textiles and Apparels,-,True
350A.T,350A,DIGITAL GRID Corporation,Growth,Electric Power and Gas,-,False
3512.T,3512,Nippon Felt Company Limited,Standard,Textiles and Apparels,-,False
3513.T,3513,"ICHIKAWA CO.,LTD.",Standard,Textiles and Apparels,-,False
3521.T,3521,"THERMAE-YU HOLDINGS CO.,LTD.",Standard,Services,-,False
3524.T,3524,"NITTO SEIMO CO.,LTD.",Standard,Textiles and Apparels,-,False
3529.T,3529,"ATSUGI CO.,LTD.",Standard,Textiles and Apparels,-,False
352A.T,352A,"LOIVE Co.,Ltd.",Growth,Services,-,False
3536.T,3536,"AXAS HOLDINGS CO.,LTD.",Standard,Retail Trade,-,False
3537.T,3537,"SHOEI YAKUHIN CO.,LTD.",Standard,Wholesale Trade,-,False
3538.T,3538,WILLPLUS Holdings Corporation,Standard,Retail Trade,-,False
3539.T,3539,"JM HOLDINGS CO.,LTD.",Prime,Retail Trade,TOPIX Small 2,True
3542.T,3542,"Vega corporation Co.,Ltd.",Growth,Retail Trade,-,False
3543.T,3543,"KOMEDA Holdings Co.,Ltd.",Prime,Wholesale Trade,TOPIX Small 1,True
3544.T,3544,"SATUDORA HOLDINGS CO.,LTD.",Standard,Retail Trade,-,False
3547.T,3547,UNISIA HOLDINGS CO.,Standard,Retail Trade,TOPIX Small 2,False
3548.T,3548,BAROQUE JAPAN LIMITED,Prime,Retail Trade,TOPIX Small 2,True
3549.T,3549,"KUSURI NO AOKI HOLDINGS CO.,LTD.",Standard,Retail Trade,TOPIX Mid400,False
3550.T,3550,"STUDIO ATAO Co.,Ltd.",Growth,Retail Trade,-,False
3551.T,3551,DYNIC CORPORATION,Standard,Textiles and Apparels,-,False
3553.T,3553,"KYOWA LEATHER CLOTH CO.,LTD.",Standard,Chemicals,-,False
3556.T,3556,"RenetJapanGroup,Inc.",Growth,Retail Trade,-,False
3557.T,3557,UNITED&COLLECTIVE CO.LTD.,Growth,Retail Trade,-,False
3558.T,3558,"JADE GROUP,Inc.",Growth,Retail Trade,-,False
3559.T,3559,p-ban.com Corp.,Standard,Wholesale Trade,-,False
3560.T,3560,"Hobonichi Co.,Ltd.",Standard,Retail Trade,-,False
3561.T,3561,"CHIKARANOMOTO HOLDINGS Co.,Ltd.",Prime,Retail Trade,TOPIX Small 2,True
3562.T,3562,"No.1 Co.,Ltd",Standard,Wholesale Trade,-,False
3563.T,3563,FOOD & LIFE COMPANIES LTD.,Prime,Retail Trade,TOPIX Mid400,True
3565.T,3565,Ascentech K.K.,Standard,Wholesale Trade,TOPIX Small 2,False
3566.T,3566,"UNIFORM NEXT CO.,LTD.",Growth,Retail Trade,-,False
3569.T,3569,"SEIREN CO.,LTD.",Prime,Textiles and Apparels,TOPIX Small 1,True
3571.T,3571,"SOTOH CO.,LTD.",Standard,Textiles and Apparels,-,False
3577.T,3577,Tokai Senko K.K.,Standard,Textiles and Apparels,-,False
3580.T,3580,"KOMATSU MATERE Co.,Ltd.",Prime,Textiles and Apparels,TOPIX Small 2,True
3583.T,3583,AuBEX CORPORATION,Standard,Textiles and Apparels,-,False
3591.T,3591,WACOAL HOLDINGS CORP.,Prime,Textiles and Apparels,TOPIX Mid400,True
3597.T,3597,"JICHODO Co.,Ltd.",Standard,Textiles and Apparels,-,False
3598.T,3598,"YAMAKI CO.,LTD.",Standard,Textiles and Apparels,-,False
3600.T,3600,FUJIX Ltd.,Standard,Textiles and Apparels,-,False
3607.T,3607,"KURAUDIA HOLDINGS CO.,LTD.",Standard,Textiles and Apparels,-,False
3608.T,3608,"TSI HOLDINGS CO.,LTD.",Prime,Textiles and Apparels,TOPIX Small 1,True
3611.T,3611,MATSUOKA CORPORATION,Standard,Textiles and Apparels,-,False
3612.T,3612,"WORLD CO.,LTD.",Prime,Textiles and Apparels,TOPIX Small 1,True
3622.T,3622,Netyear Group Corporation,Standard,Information & Communication,-,False
3623.T,3623,Billing System Corporation,Growth,Information & Communication,-,False
3624.T,3624,AXEL MARK INC.,Growth,Information & Communication,-,False
3625.T,3625,Techfirm Holdings Inc.,Growth,Information & Communication,-,False
3626.T,3626,TISI Inc.,Prime,Information & Communication,TOPIX Mid400,True
3627.T,3627,TECMIRA HOLDINGS INC.,Standard,Information & Communication,-,False
3628.T,3628,"DATA HORIZON CO.,LTD.",Growth,Information & Communication,-,False
3632.T,3632,"GREE Holdings,Inc.",Prime,Information & Communication,TOPIX Small 2,True
3633.T,3633,"GMO Pepabo,Inc.",Standard,Information & Communication,TOPIX Small 2,False
3634.T,3634,Sockets Inc.,Standard,Information & Communication,-,False
3635.T,3635,"KOEI TECMO HOLDINGS CO.,LTD.",Prime,Information & Communication,TOPIX Mid400,True
3636.T,3636,"Mitsubishi Research Institute,Inc.",Prime,Information & Communication,TOPIX Small 1,True
3639.T,3639,Voltage Incorporation,Standard,Information & Communication,-,False
3640.T,3640,"DENSAN CO.,LTD.",Standard,Information & Communication,-,False
3641.T,3641,"PAPYLESS CO.,LTD.",Standard,Information & Communication,-,False
3645.T,3645,"Medical Net,Inc.",Growth,Information & Communication,-,False
3646.T,3646,"Ekitan & Co.,Ltd.",Standard,Information & Communication,-,False
3647.T,3647,"ASULINA Co.,Ltd.",Standard,Information & Communication,-,False
3648.T,3648,AGS Corporation,Standard,Information & Communication,-,False
3649.T,3649,FINDEX Inc.,Prime,Information & Communication,TOPIX Small 2,True
3652.T,3652,Digital Media Professionals Inc.,Growth,Information & Communication,-,False
3653.T,3653,"Morpho,Inc.",Growth,Information & Communication,-,False
3656.T,3656,KLab Inc.,Prime,Information & Communication,TOPIX Small 2,True
3657.T,3657,"Pole To Win Holdings,Inc.",Prime,Information & Communication,TOPIX Small 2,True
3659.T,3659,"NEXON Co.,Ltd.",Prime,Information & Communication,TOPIX Mid400,True
365A.T,365A,"IZAWA TOWEL CO.,LTD.",Standard,Textiles and Apparels,-,False
3660.T,3660,istyle Inc.,Prime,Information & Communication,TOPIX Small 1,True
3661.T,3661,"m-up holdings,Inc.",Prime,Information & Communication,TOPIX Small 1,True
3662.T,3662,"Ateam Holdings Co.,Ltd.",Prime,Information & Communication,TOPIX Small 2,True
3663.T,3663,"CELSYS,Inc.",Prime,Information & Communication,TOPIX Small 2,True
3664.T,3664,WIZE INC.,Growth,Information & Communication,-,False
3665.T,3665,Enigmo Inc.,Prime,Information & Communication,TOPIX Small 2,True
3667.T,3667,"enish,inc.",Standard,Information & Communication,-,False
3668.T,3668,"COLOPL,Inc.",Prime,Information & Communication,TOPIX Small 1,True
366A.T,366A,Wellness Communications Corporation,Growth,Services,-,False
3670.T,3670,"Kyoritsu Computer & Communication Co.,Ltd.",Standard,Information & Communication,-,False
3671.T,3671,"SOFTMAX CO.,LTD",Standard,Information & Communication,-,False
3672.T,3672,AltPlusInc.,Standard,Information & Communication,-,False
3673.T,3673,"Broadleaf Co.,Ltd.",Prime,Information & Communication,TOPIX Small 1,True
3674.T,3674,"Aucfan Co.,Ltd.",Growth,Information & Communication,-,False
3675.T,3675,Cross Marketing Group Inc.,Standard,Information & Communication,-,False
3676.T,3676,"DIGITAL HEARTS HOLDINGS Co.,Ltd.",Prime,Information & Communication,TOPIX Small 2,True
3678.T,3678,"MEDIA DO Co.,Ltd.",Prime,Information & Communication,TOPIX Small 2,True
3679.T,3679,"ZIGExN Co.,Ltd.",Prime,Information & Communication,TOPIX Small 2,True
367A.T,367A,"Primo Global Holdings Co.,Ltd.",Standard,Retail Trade,-,False
3680.T,3680,Hotto Link Inc.,Growth,Information & Communication,-,False
3682.T,3682,"Encourage Technologies Co.,Ltd.",Standard,Information & Communication,-,False
3683.T,3683,"CYBERLINKS CO.,LTD.",Standard,Information & Communication,-,False
3686.T,3686,DLE Inc.,Standard,Information & Communication,-,False
3687.T,3687,Fixstars Corporation,Prime,Information & Communication,TOPIX Small 2,True
368A.T,368A,Kitazato Corporation,Prime,Precision Instruments,TOPIX Small 2,True
3690.T,3690,YRGLM Inc.,Standard,Information & Communication,-,False
3691.T,3691,"DIGITAL PLUS,Inc.",Growth,Information & Communication,-,False
3692.T,3692,"FFRI Security,Inc.",Growth,Information & Communication,-,False
3694.T,3694,OPTiM CORPORATION,Prime,Information & Communication,TOPIX Small 2,True
3695.T,3695,"GMO Product Platform,Inc.",Growth,Information & Communication,-,False
3696.T,3696,CERES INC.,Prime,Information & Communication,TOPIX Small 2,True
3697.T,3697,SHIFT Inc.,Prime,Information & Communication,TOPIX Mid400,True
3698.T,3698,"CRI Middleware Co.,Ltd.",Standard,Information & Communication,-,False
369A.T,369A,"A-tie Co.,Ltd.",Growth,Services,-,False
3708.T,3708,"Tokushu Tokai Paper Co.,Ltd.",Prime,Pulp and Paper,TOPIX Small 2,True
3710.T,3710,"Jorudan Co.,Ltd.",Standard,Information & Communication,-,False
3712.T,3712,"Information Planning CO.,LTD.",Standard,Information & Communication,-,False
3719.T,3719,"AI storm Co.,Ltd.",Standard,Information & Communication,-,False
3723.T,3723,NIHON FALCOM CORPORATION,Growth,Information & Communication,-,False
3726.T,3726,"4Cs HD Co.,Ltd.",Standard,Retail Trade,-,False
3727.T,3727,Aplix Corporation,Growth,Information & Communication,-,False
372A.T,372A,RENT CORPORATION,Standard,Services,-,False
3733.T,3733,"Software Service,Inc.",Standard,Information & Communication,-,False
373A.T,373A,"LIPPS CO.,LTD",Growth,Chemicals,-,False
3741.T,3741,"Systems Engineering Consultants Co.,LTD.",Prime,Information & Communication,TOPIX Small 2,True
3744.T,3744,SIOS Corporation,Standard,Information & Communication,-,False
3747.T,3747,"INTERTRADE Co.,Ltd.",Standard,Information & Communication,-,False
3750.T,3750,ADR Biomedical Holdings Inc.,Standard,Information & Communication,-,False
3753.T,3753,FLIGHT SOLUTIONS Inc.,Standard,Information & Communication,-,False
3758.T,3758,Aeria Inc.,Standard,Information & Communication,-,False
3760.T,3760,"CAVE Interactive CO.,LTD.",Standard,Information & Communication,-,False
3762.T,3762,TECHMATRIX CORPORATION,Prime,Information & Communication,TOPIX Small 1,True
3763.T,3763,Pro-Ship Incorporated,Prime,Information & Communication,TOPIX Small 2,True
3765.T,3765,"GungHo Online Entertainment,Inc.",Prime,Information & Communication,TOPIX Small 1,True
3766.T,3766,"SYSTEMS DESIGN Co.,Ltd.",Standard,Information & Communication,-,False
3768.T,3768,Riskmonster.com,Standard,Information & Communication,-,False
3769.T,3769,"GMO Payment Gateway,Inc.",Prime,Information & Communication,TOPIX Mid400,True
3771.T,3771,"SYSTEM RESEARCH CO.,LTD.",Prime,Information & Communication,TOPIX Small 2,True
3772.T,3772,"Wealth Management,Inc.",Standard,Real Estate,-,False
3773.T,3773,"Advanced Media,Inc.",Growth,Information & Communication,-,False
3774.T,3774,Internet Initiative Japan Inc.,Prime,Information & Communication,TOPIX Mid400,True
3776.T,3776,"BroadBand Tower,Inc.",Standard,Information & Communication,-,False
3777.T,3777,Environment Friendly Holdings Corp.,Growth,Information & Communication,-,False
3778.T,3778,SAKURA internet Inc.,Prime,Information & Communication,TOPIX Small 1,True
3779.T,3779,"J ESCOM HOLDINGS,INC.",Standard,Information & Communication,-,False
3787.T,3787,"Techno Mathematical Co.,Ltd.",Standard,Information & Communication,-,False
3788.T,3788,GMO GlobalSign Holdings K.K.,Prime,Information & Communication,TOPIX Small 2,True
378A.T,378A,"Hit Co.,Ltd.",Growth,Services,-,False
3791.T,3791,"IG Port,Inc.",Standard,Information & Communication,-,False
3793.T,3793,"Drecom Co.,Ltd.",Growth,Information & Communication,-,False
3796.T,3796,"e-Seikatsu Co.,Ltd.",Standard,Information & Communication,-,False
3798.T,3798,"ULS Group,Inc.",Standard,Information & Communication,-,False
3799.T,3799,Keyware Solutions Inc.,Standard,Information & Communication,-,False
3800.T,3800,UNIRITA Inc.,Standard,Information & Communication,-,False
3802.T,3802,"ECOMIC CO.,LTD",Standard,Information & Communication,-,False
3803.T,3803,Image Information Inc.,Growth,Information & Communication,-,False
3804.T,3804,System D Inc.,Standard,Information & Communication,-,False
3807.T,3807,FISCO Ltd.,Growth,Information & Communication,-,False
3810.T,3810,"CyberStep Holdings,Inc.",Standard,Information & Communication,-,False
3815.T,3815,"Media Kobo,Inc.",Growth,Information & Communication,-,False
3816.T,3816,"DAIWA COMPUTER CO.,LTD.",Standard,Information & Communication,-,False
3817.T,3817,"SRA Holdings,Inc.",Prime,Information & Communication,TOPIX Small 2,True
3823.T,3823,"THE WHY HOW DO COMPANY,Inc.",Standard,Information & Communication,-,False
3825.T,3825,"Remixpoint,inc.",Standard,Retail Trade,-,False
3826.T,3826,System Integrator Corp.,Standard,Information & Communication,-,False
3834.T,3834,"Asahi Net,Inc.",Prime,Information & Communication,TOPIX Small 2,True
3835.T,3835,"eBASE Co.,Ltd.",Prime,Information & Communication,TOPIX Small 2,True
3836.T,3836,AVANT GROUP CORPORATION,Prime,Information & Communication,TOPIX Small 2,True
3837.T,3837,Ad-Sol Nissin Corporation,Prime,Information & Communication,TOPIX Small 2,True
3839.T,3839,"ODK Solutions Company,Ltd.",Standard,Information & Communication,-,False
3840.T,3840,PATH corporation,Standard,Information & Communication,-,False
3841.T,3841,Jedat Inc.,Standard,Information & Communication,-,False
3842.T,3842,"Nextgen,Inc.",Standard,Information & Communication,-,False
3843.T,3843,"FreeBit Co.,Ltd.",Prime,Information & Communication,TOPIX Small 2,True
3844.T,3844,COMTURE CORPORATION,Prime,Information & Communication,TOPIX Small 1,True
3845.T,3845,I-FREEK MOBILE INC.,Standard,Information & Communication,-,False
3848.T,3848,"Data Applications Company,Limited",Standard,Information & Communication,-,False
3850.T,3850,NTT DATA INTRAMART CORPORATION,Standard,Information & Communication,-,False
3851.T,3851,"Nippon Ichi Software,Inc.",Standard,Information & Communication,-,False
3853.T,3853,ASTERIA Corporation,Prime,Information & Communication,TOPIX Small 2,True
3854.T,3854,I'LL INC,Prime,Information & Communication,TOPIX Small 2,True
3856.T,3856,Abalance Corporation,Standard,Electric Appliances,-,False
3858.T,3858,Ubiquitous AI Corporation,Standard,Information & Communication,-,False
3861.T,3861,Oji Holdings Corporation,Prime,Pulp and Paper,TOPIX Mid400,True
3863.T,3863,"Nippon Paper Industries Co.,Ltd.",Prime,Pulp and Paper,TOPIX Small 1,True
3864.T,3864,Mitsubishi Paper Mills Limited,Prime,Pulp and Paper,-,True
3865.T,3865,Hokuetsu Corporation,Prime,Pulp and Paper,TOPIX Small 1,True
386A.T,386A,"MINOYA CO.,LTD.",Standard,Retail Trade,-,False
3877.T,3877,"Chuetsu Pulp & Paper Co.,Ltd.",Prime,Pulp and Paper,-,True
3878.T,3878,TOMOEGAWA CORPORATION,Standard,Chemicals,-,False
387A.T,387A,"Fuller,Inc.",Growth,Information & Communication,-,False
3880.T,3880,Daio Paper Corporation,Prime,Pulp and Paper,TOPIX Small 1,True
3891.T,3891,NIPPON KODOSHI CORPORATION,Standard,Pulp and Paper,-,False
3892.T,3892,"Okayama Paper Industries Co.,Ltd.",Standard,Pulp and Paper,-,False
3895.T,3895,HAVIX CORPORATION,Standard,Pulp and Paper,-,False
3896.T,3896,"AWA PAPER & TECHNOLOGICAL COMPANY,Inc.",Standard,Pulp and Paper,-,False
3900.T,3900,CrowdWorks Inc.,Growth,Information & Communication,-,False
3901.T,3901,"MarkLines Co.,Ltd.",Prime,Information & Communication,TOPIX Small 2,True
3903.T,3903,gumi Inc.,Prime,Information & Communication,TOPIX Small 2,True
3904.T,3904,KAYAC Inc.,Growth,Information & Communication,-,False
3905.T,3905,Datasection Inc.,Growth,Information & Communication,-,False
3907.T,3907,Silicon Studio Corp.,Standard,Information & Communication,-,False
3908.T,3908,Collabos Corporation,Standard,Information & Communication,-,False
3909.T,3909,Showcase Inc.,Standard,Information & Communication,-,False
3910.T,3910,MKSystem Corporation,Standard,Information & Communication,-,False
3911.T,3911,Aiming Inc.,Growth,Information & Communication,-,False
3912.T,3912,"Mobile Factory,Inc.",Standard,Information & Communication,-,False
3913.T,3913,"GreenBee,Inc.",Standard,Information & Communication,-,False
3914.T,3914,JIG-SAW INC.,Growth,Information & Communication,-,False
3915.T,3915,"TerraSky Co.,Ltd",Prime,Information & Communication,TOPIX Small 2,True
3916.T,3916,Digital Information Technologies Corporation,Prime,Information & Communication,TOPIX Small 2,True
3917.T,3917,"iRidge,Inc.",Growth,Information & Communication,-,False
3918.T,3918,"PCI Holdings,INC.",Standard,Information & Communication,-,False
3920.T,3920,"Internetworking and Broadband Consulting Co.,Ltd.",Standard,Information & Communication,-,False
3921.T,3921,NEOJAPAN Inc.,Prime,Information & Communication,TOPIX Small 2,True
3922.T,3922,PR TIMES Corporation,Prime,Information & Communication,TOPIX Small 2,True
3923.T,3923,"RAKUS Co.,Ltd.",Prime,Information & Communication,TOPIX Mid400,True
3925.T,3925,Double Standard Inc.,Prime,Information & Communication,TOPIX Small 2,True
3926.T,3926,Open Door Inc.,Standard,Information & Communication,TOPIX Small 2,False
3927.T,3927,Fuva Brain Limited,Standard,Information & Communication,-,False
3928.T,3928,Mynet Inc.,Standard,Information & Communication,-,False
3929.T,3929,"SOCIALWIRE CO.,LTD.",Growth,Information & Communication,-,False
3930.T,3930,"Hatena Co.,Ltd.",Growth,Information & Communication,-,False
3931.T,3931,VALUE GOLF Inc.,Growth,Information & Communication,-,False
3932.T,3932,Akatsuki Inc.,Prime,Information & Communication,TOPIX Small 2,True
3933.T,3933,"CHIeru Co.,Ltd.",Standard,Information & Communication,-,False
3934.T,3934,"BENEFIT JAPAN Co.,LTD.",Standard,Information & Communication,-,False
3935.T,3935,"Edia Co.,Ltd.",Standard,Information & Communication,-,False
3936.T,3936,"Globalway,Inc.",Growth,Information & Communication,-,False
3937.T,3937,"Ubicom Holdings,Inc.",Standard,Information & Communication,TOPIX Small 2,False
3939.T,3939,"Kanamic Network Co.,LTD",Prime,Information & Communication,TOPIX Small 2,True
3940.T,3940,"Nomura System Corporation Co,Ltd.",Standard,Information & Communication,-,False
3941.T,3941,"Rengo Co.,Ltd.",Prime,Pulp and Paper,TOPIX Mid400,True
3943.T,3943,"OHISHI SANGYO CO.,LTD.",Standard,Pulp and Paper,-,False
3944.T,3944,"Furubayashi Shiko Co.,Ltd.",Standard,Pulp and Paper,-,False
3945.T,3945,"Superbag Company,Limited",Standard,Pulp and Paper,-,False
3946.T,3946,"TOMOKU CO.,LTD.",Prime,Pulp and Paper,TOPIX Small 2,True
3947.T,3947,"Dynapac Co.,Ltd.",Standard,Pulp and Paper,-,False
3948.T,3948,"HIKARI BUSINESS FORM CO.,LTD.",Standard,Pulp and Paper,-,False
3950.T,3950,THE PACK CORPORATION,Prime,Pulp and Paper,TOPIX Small 2,True
3951.T,3951,"ASAHI PRINTING CO.,LTD.",Standard,Pulp and Paper,-,False
3953.T,3953,"OHMURA SHIGYO CO.,LTD.",Standard,Pulp and Paper,-,False
3954.T,3954,SHOWA PAXXS CORPORATION,Standard,Pulp and Paper,-,False
3955.T,3955,"IMURA & Co.,Ltd.",Standard,Pulp and Paper,-,False
3958.T,3958,"Sasatoku Printing Co.,Ltd.",Standard,Pulp and Paper,-,False
3962.T,3962,"CHANGE Holdings,Inc.",Prime,Information & Communication,TOPIX Small 1,True
3963.T,3963,"Synchro Food Co.,Ltd.",Prime,Information & Communication,-,True
3964.T,3964,AUCNET INC.,Prime,Information & Communication,TOPIX Small 2,True
3965.T,3965,"Capital Asset Planning,Inc.",Standard,Information & Communication,-,False
3967.T,3967,"Eltes Co.,Ltd.",Growth,Information & Communication,-,False
3968.T,3968,"Segue Group Co.,Ltd.",Prime,Information & Communication,-,True
3969.T,3969,ATLED CORP.,Standard,Information & Communication,-,False
3970.T,3970,Innovation Inc.,Standard,Information & Communication,-,False
3974.T,3974,SCAT Inc.,Standard,Information & Communication,-,False
3976.T,3976,SHANON Inc.,Growth,Information & Communication,-,False
3979.T,3979,"ULURU.CO.,LTD.",Growth,Information & Communication,-,False
3981.T,3981,Beaglee Inc.,Standard,Information & Communication,-,False
3983.T,3983,"ORO Co.,Ltd.",Prime,Information & Communication,TOPIX Small 2,True
3984.T,3984,"User Local,Inc.",Prime,Information & Communication,TOPIX Small 2,True
3985.T,3985,TEMONA.inc.,Standard,Information & Communication,-,False
3986.T,3986,"bBreak Systems Company,Limited",Standard,Information & Communication,-,False
3987.T,3987,Ecomott Inc.,Growth,Information & Communication,-,False
3988.T,3988,"SYS Holdings Co.,Ltd.",Standard,Information & Communication,-,False
3989.T,3989,SHARINGTECHNOLOGY.INC,Growth,Information & Communication,-,False
3991.T,3991,"Wantedly,Inc",Growth,Information & Communication,-,False
3992.T,3992,Needs Well Inc.,Prime,Information & Communication,-,True
3993.T,3993,PKSHA Technology Inc.,Prime,Information & Communication,TOPIX Small 1,True
3994.T,3994,"Money Forward,Inc.",Prime,Information & Communication,TOPIX Mid400,True
3996.T,3996,Signpost Corporation,Standard,Information & Communication,-,False
3997.T,3997,"TRADE WORKS Co.,Ltd",Standard,Information & Communication,-,False
3998.T,3998,"SuRaLa Net Co.,Ltd.",Growth,Information & Communication,-,False
4004.T,4004,Resonac Holdings Corporation,Prime,Chemicals,TOPIX Mid400,True
4005.T,4005,"SUMITOMO CHEMICAL COMPANY,LIMITED",Prime,Chemicals,TOPIX Mid400,True
4008.T,4008,"Sumitomo Seika Chemicals Company,Limited.",Prime,Chemicals,TOPIX Small 1,True
4011.T,4011,"Headwaters Co.,Ltd",Growth,Information & Communication,-,False
4012.T,4012,"AXIS CO.,LTD.",Standard,Information & Communication,-,False
4013.T,4013,"Kinjiro Co.,Ltd.",Growth,Information & Communication,-,False
4014.T,4014,"KARADANOTE,INC.",Growth,Information & Communication,-,False
4015.T,4015,Paycloud Holdings Inc.,Growth,Information & Communication,-,False
4016.T,4016,"MIT Holdings CO.,LTD.",Standard,Information & Communication,-,False
4017.T,4017,CREEMA LTD.,Growth,Information & Communication,-,False
4019.T,4019,"Stmn,Inc.",Growth,Information & Communication,-,False
4020.T,4020,BETREND CORPORATION,Growth,Information & Communication,-,False
4021.T,4021,Nissan Chemical Corporation,Prime,Chemicals,TOPIX Mid400,True
4022.T,4022,"Rasa Industries,Ltd.",Prime,Chemicals,TOPIX Small 2,True
4023.T,4023,KUREHA CORPORATION,Prime,Chemicals,TOPIX Small 1,True
4025.T,4025,"TAKI CHEMICAL CO.,LTD.",Prime,Chemicals,TOPIX Small 2,True
4026.T,4026,"Konoshima Chemical Co.,Ltd.",Standard,Glass and Ceramics Products,-,False
4027.T,4027,TAYCA CORPORATION,Prime,Chemicals,TOPIX Small 2,True
4028.T,4028,"ISHIHARA SANGYO KAISHA,LTD.",Prime,Chemicals,TOPIX Small 1,True
402A.T,402A,Axelspace Holdings Corporation,Growth,Transportation Equipment,-,False
4031.T,4031,Katakura & Co-op Agri Corporation,Standard,Chemicals,-,False
4040.T,4040,"NANKAI CHEMICAL COMPANY,LIMITED",Standard,Chemicals,-,False
4041.T,4041,"Nippon Soda Co.,Ltd.",Prime,Chemicals,TOPIX Small 1,True
4042.T,4042,TOSOH CORPORATION,Prime,Chemicals,TOPIX Mid400,True
4043.T,4043,Tokuyama Corporation,Prime,Chemicals,TOPIX Mid400,True
4044.T,4044,"Central Glass Co.,Ltd.",Prime,Chemicals,TOPIX Small 1,True
4045.T,4045,"TOAGOSEI CO.,LTD.",Prime,Chemicals,TOPIX Mid400,True
4046.T,4046,"OSAKA SODA CO.,LTD.",Prime,Chemicals,TOPIX Small 1,True
4047.T,4047,"KANTO DENKA KOGYO CO.,LTD.",Prime,Chemicals,TOPIX Small 1,True
4051.T,4051,"GMO Financial Gate,Inc.",Prime,Information & Communication,TOPIX Small 2,True
4052.T,4052,Ficha Inc.,Growth,Information & Communication,-,False
4053.T,4053,Sun* Inc.,Prime,Information & Communication,TOPIX Small 2,True
4054.T,4054,"Japan PropTech Co.,Ltd.",Growth,Information & Communication,-,False
4055.T,4055,T&S Group Inc.,Growth,Information & Communication,-,False
4056.T,4056,Neural Group Inc.,Growth,Information & Communication,-,False
4057.T,4057,"Interfactory,Inc.",Growth,Information & Communication,-,False
4058.T,4058,"Toyokumo,Inc.",Growth,Information & Communication,-,False
4059.T,4059,"Magmag,Inc.",Standard,Information & Communication,-,False
4060.T,4060,rakumo Inc.,Growth,Information & Communication,-,False
4061.T,4061,Denka Company Limited,Prime,Chemicals,TOPIX Mid400,True
4062.T,4062,"IBIDEN CO.,LTD.",Prime,Electric Appliances,TOPIX Mid400,True
4063.T,4063,"Shin-Etsu Chemical Co.,Ltd.",Prime,Chemicals,TOPIX Core30,True
4064.T,4064,"Nippon Carbide Industries Company,Incorporated",Prime,Chemicals,TOPIX Small 2,True
4068.T,4068,Basis Corporation,Growth,Information & Communication,-,False
4069.T,4069,BlueMeme Inc.,Growth,Information & Communication,-,False
4071.T,4071,"Plus Alpha Consulting Co.,LTD.",Prime,Information & Communication,TOPIX Small 1,True
4072.T,4072,"Densan System Holdings Co.,Ltd.",Prime,Information & Communication,TOPIX Small 2,True
4073.T,4073,"Global Communication Planning Co.,Ltd.",Growth,Information & Communication,-,False
4074.T,4074,"LaKeel,Inc.",Growth,Information & Communication,-,False
4075.T,4075,"Brains Technology,Inc.",Growth,Information & Communication,-,False
4076.T,4076,"CNS Co.,Ltd.",Growth,Information & Communication,-,False
4078.T,4078,"Sakai Chemical Industry Co.,Ltd.",Prime,Chemicals,TOPIX Small 1,True
407A.T,407A,"UNICON Holdings Co.,Ltd.",Standard,Construction,-,False
4082.T,4082,"DAIICHI KIGENSO KAGAKU-KOGYO CO.,LTD",Prime,Chemicals,TOPIX Small 2,True
4088.T,4088,AIR WATER INC.,Prime,Chemicals,-,True
4091.T,4091,NIPPON SANSO HOLDINGS CORPORATION,Prime,Chemicals,TOPIX Mid400,True
4092.T,4092,"Nippon Chemical Industrial Co.,Ltd.",Prime,Chemicals,TOPIX Small 2,True
4093.T,4093,"Toho Acetylene Co.,Ltd.",Standard,Chemicals,-,False
4094.T,4094,"NIHON KAGAKU SANGYO CO.,LTD.",Standard,Chemicals,-,False
4095.T,4095,"NIHON PARKERIZING CO.,LTD.",Prime,Chemicals,TOPIX Small 1,True
4097.T,4097,"KOATSU GAS KOGYO CO.,LTD.",Prime,Chemicals,TOPIX Small 2,True
4098.T,4098,"Titan Kogyo ,Ltd.",Standard,Chemicals,-,False
4099.T,4099,SHIKOKU KASEI HOLDINGS CORPORATION,Prime,Chemicals,TOPIX Small 2,True
409A.T,409A,"ORION BREWERIES,LTD.",Prime,Foods,TOPIX Small 2,True
4100.T,4100,TODA KOGYO CORP.,Standard,Chemicals,TOPIX Small 2,False
4102.T,4102,"Maruo Calcium Co.,Ltd.",Standard,Chemicals,-,False
4107.T,4107,ISE CHEMICALS CORPORATION,Standard,Chemicals,-,False
4109.T,4109,STELLA CHEMIFA CORPORATION,Prime,Chemicals,TOPIX Small 1,True
410A.T,410A,"GMO Commerce,Inc.",Growth,Services,-,False
4112.T,4112,"Hodogaya Chemical Co.,Ltd.",Prime,Chemicals,TOPIX Small 2,True
4113.T,4113,"TAOKA CHEMICAL COMPANY,LIMITED",Standard,Chemicals,-,False
4114.T,4114,"NIPPON SHOKUBAI CO.,LTD.",Prime,Chemicals,TOPIX Mid400,True
4116.T,4116,"Dainichiseika Color & Chemicals Mfg.Co.,Ltd.",Prime,Chemicals,TOPIX Small 2,True
4118.T,4118,KANEKA CORPORATION,Prime,Chemicals,TOPIX Mid400,True
4119.T,4119,Nippon Pigment Holdings Company Limited,Standard,Chemicals,-,False
4120.T,4120,"SUGAI CHEMICAL INDUSTRY CO.,LTD.",Standard,Chemicals,-,False
4124.T,4124,OSAKA YUKA INDUSTRY LTD.,Standard,Chemicals,-,False
4125.T,4125,SANWAYUKA INDUSTRY CORPORATION,Standard,Chemicals,-,False
414A.T,414A,"OVERLAP Holdings,Inc.",Growth,Information & Communication,-,False
4151.T,4151,"Kyowa Kirin Co.,Ltd.",Prime,Pharmaceutical,TOPIX Mid400,True
415A.T,415A,"GMO TECH Holdings,Inc.",Growth,Services,-,False
4165.T,4165,"PLAID,Inc.",Growth,Information & Communication,-,False
4166.T,4166,Cacco Inc.,Growth,Information & Communication,-,False
4167.T,4167,Kokopelli Inc.,Growth,Information & Communication,-,False
4168.T,4168,"Yappli,Inc.",Growth,Information & Communication,-,False
4169.T,4169,ENECHANGE Ltd.,Growth,Information & Communication,-,False
416A.T,416A,"FUJI UNITED HOLDINGS COMPANY,LTD.",Standard,Wholesale Trade,-,False
4170.T,4170,"Kaizen Platform,Inc.",Growth,Information & Communication,-,False
4172.T,4172,"Hi-CRATES CO.,LTD.",Standard,Information & Communication,-,False
4174.T,4174,Appirits Inc.,Standard,Information & Communication,-,False
4175.T,4175,coly Inc.,Growth,Information & Communication,-,False
4176.T,4176,coconala Inc.,Growth,Information & Communication,-,False
4177.T,4177,"i-plug,Inc.",Growth,Information & Communication,-,False
4178.T,4178,Sharing Innovations Inc.,Growth,Information & Communication,-,False
4179.T,4179,G-NEXT Inc.,Growth,Information & Communication,-,False
417A.T,417A,"BLUE ZONES HOLDINGS CO.,LTD.",Prime,Retail Trade,TOPIX Mid400,True
4180.T,4180,"Appier Group,Inc.",Prime,Information & Communication,TOPIX Small 1,True
4182.T,4182,"Mitsubishi Gas Chemical Company,Inc.",Prime,Chemicals,TOPIX Mid400,True
4183.T,4183,"Mitsui Chemicals,Inc.",Prime,Chemicals,TOPIX Mid400,True
4186.T,4186,"TOKYO OHKA KOGYO CO.,LTD.",Prime,Chemicals,TOPIX Mid400,True
4187.T,4187,OSAKA ORGANIC CHEMICAL INDUSTRY LTD.,Prime,Chemicals,TOPIX Small 1,True
4188.T,4188,Mitsubishi Chemical Group Corporation,Prime,Chemicals,TOPIX Large70,True
4189.T,4189,"KH Neochem Co.,Ltd.",Prime,Chemicals,TOPIX Small 1,True
4192.T,4192,SpiderPlus & Co.,Growth,Information & Communication,-,False
4193.T,4193,"Fabrica Holdings Co.,Ltd.",Standard,Information & Communication,-,False
4194.T,4194,"Visional,Inc.",Prime,Information & Communication,TOPIX Mid400,True
4196.T,4196,NEO MARKETING Inc.,Standard,Information & Communication,-,False
4197.T,4197,"ASMARQ Co.,Ltd.",Standard,Information & Communication,-,False
4198.T,4198,"TENDA Co.,LTD.",Standard,Information & Communication,-,False
4199.T,4199,WonderPlanet Inc.,Growth,Information & Communication,-,False
4202.T,4202,Daicel Corporation,Prime,Chemicals,TOPIX Mid400,True
4203.T,4203,"Sumitomo Bakelite Company,Limited",Prime,Chemicals,TOPIX Mid400,True
4204.T,4204,"Sekisui Chemical Co.,Ltd.",Prime,Chemicals,TOPIX Mid400,True
4205.T,4205,ZEON CORPORATION,Prime,Chemicals,TOPIX Mid400,True
4206.T,4206,"Aica Kogyo Company,Limited",Prime,Chemicals,TOPIX Mid400,True
4208.T,4208,UBE Corporation,Prime,Chemicals,TOPIX Mid400,True
4212.T,4212,Sekisui Jushi Corporation,Prime,Chemicals,TOPIX Small 1,True
4216.T,4216,ASAHI YUKIZAI CORPORATION,Prime,Chemicals,TOPIX Small 1,True
4218.T,4218,"NICHIBAN CO.,LTD.",Prime,Chemicals,TOPIX Small 2,True
421A.T,421A,"Movin' Strategic Career CO.,LTD.",Growth,Services,-,False
4220.T,4220,RIKEN TECHNOS CORPORATION,Prime,Chemicals,TOPIX Small 2,True
4221.T,4221,"Okura Industrial Co.,Ltd.",Prime,Chemicals,TOPIX Small 2,True
4222.T,4222,"KODAMA CHEMICAL INDUSTRY CO.,LTD.",Standard,Chemicals,-,False
4224.T,4224,LONSEAL CORPORATION,Standard,Chemicals,-,False
4228.T,4228,"Sekisui Kasei Co.,Ltd.",Prime,Chemicals,TOPIX Small 2,True
4229.T,4229,"Gun Ei Chemical Industry Co.,Ltd.",Prime,Chemicals,TOPIX Small 2,True
4231.T,4231,TIGERS POLYMER CORPORATION,Standard,Chemicals,-,False
4234.T,4234,"Sun A.Kaken Company,Limited",Standard,Chemicals,-,False
4235.T,4235,"Ultrafabrics Holdings Co.,Ltd.",Standard,Chemicals,-,False
4237.T,4237,Fujipream Corporation,Standard,Chemicals,-,False
4238.T,4238,"Miraial Co.,Ltd.",Standard,Chemicals,-,False
423A.T,423A,LION OFFICE PRODUCTS CORP.,Standard,Wholesale Trade,-,False
4240.T,4240,"CLUSTER TECHNOLOGY CO.,LTD.",Standard,Chemicals,-,False
4241.T,4241,atect corporation,Standard,Chemicals,-,False
4242.T,4242,TAKAGI SEIKO CORPORATION,Standard,Chemicals,-,False
4243.T,4243,"NIX,INC.",Standard,Chemicals,-,False
4245.T,4245,"Daiki Axis Co.,Ltd.",Standard,Chemicals,-,False
4246.T,4246,DaikyoNishikawa Corporation,Prime,Chemicals,TOPIX Small 2,True
4247.T,4247,"POVAL KOGYO CO.,LTD.",Standard,Chemicals,-,False
4248.T,4248,"Takemoto Yohki Co.,Ltd.",Standard,Chemicals,-,False
4249.T,4249,"MORIROKU COMPANY,LTD.",Prime,Chemicals,TOPIX Small 2,True
4251.T,4251,KEIWA Incorporated,Prime,Chemicals,TOPIX Small 2,True
4255.T,4255,THECOO Inc.,Growth,Information & Communication,-,False
4256.T,4256,"CYND Co.,Ltd.",Growth,Information & Communication,-,False
4258.T,4258,AMIYA Corporation,Growth,Information & Communication,-,False
4259.T,4259,ExaWizards Inc.,Growth,Information & Communication,-,False
4260.T,4260,"Hybrid Technologies Co.,Ltd.",Growth,Information & Communication,-,False
4261.T,4261,"AsiaQuest Co.,Ltd.",Growth,Information & Communication,-,False
4262.T,4262,"NIFTY Lifestyle Co.,Ltd.",Growth,Information & Communication,-,False
4263.T,4263,"SUSMED,Inc.",Growth,Information & Communication,-,False
4264.T,4264,"SECURE,INC.",Growth,Information & Communication,-,False
4265.T,4265,Institution for a Global Society Corporation,Growth,Information & Communication,-,False
4270.T,4270,BeeX Inc.,Growth,Information & Communication,-,False
4272.T,4272,"NIPPON KAYAKU CO.,LTD.",Prime,Chemicals,TOPIX Mid400,True
4274.T,4274,"HOSOYA PYRO-ENGINEERING CO.,LTD.",Standard,Chemicals,-,False
4275.T,4275,"Carlit Co.,Ltd.",Prime,Chemicals,TOPIX Small 2,True
4284.T,4284,"SOLXYZ Co.,Ltd.",Standard,Information & Communication,-,False
4286.T,4286,CL Holdings Inc.,Standard,Services,TOPIX Small 2,False
4287.T,4287,JUST PLANNING INC.,Standard,Information & Communication,-,False
4288.T,4288,"Asgent,Inc.",Standard,Information & Communication,-,False
428A.T,428A,"Cypress Holdings Co.,Ltd.",Standard,Retail Trade,-,False
4290.T,4290,Prestige International Inc.,Prime,Services,TOPIX Small 1,True
4293.T,4293,"SEPTENI HOLDINGS CO.,LTD.",Standard,Services,-,False
4299.T,4299,"HIMACS,Ltd.",Standard,Information & Communication,TOPIX Small 2,False
429A.T,429A,Tekscend Photomask Corp.,Prime,Other Products,TOPIX Small 2,True
4301.T,4301,AMUSE INC.,Prime,Services,TOPIX Small 2,True
4307.T,4307,"Nomura Research Institute,Ltd.",Prime,Information & Communication,TOPIX Large70,True
4308.T,4308,J-Stream Inc.,Growth,Information & Communication,-,False
4310.T,4310,Dream Incubator Inc.,Prime,Services,TOPIX Small 2,True
4316.T,4316,"BeMap,Inc.",Growth,Information & Communication,-,False
4317.T,4317,Ray Corporation,Standard,Services,-,False
4318.T,4318,"QUICK CO.,LTD.",Prime,Services,TOPIX Small 2,True
431A.T,431A,"uSonar Co.,Ltd.",Growth,Information & Communication,-,False
4320.T,4320,"CE Holdings Co.,Ltd.",Standard,Information & Communication,-,False
4323.T,4323,"Japan System Techniques Co.,Ltd.",Prime,Information & Communication,TOPIX Small 2,True
4324.T,4324,DENTSU GROUP INC.,Prime,Services,TOPIX Mid400,True
4326.T,4326,INTAGE HOLDINGS Inc.,Prime,Information & Communication,TOPIX Small 2,True
4331.T,4331,"TAKE AND GIVE. NEEDS Co.,Ltd.",Prime,Services,TOPIX Small 2,True
4334.T,4334,"YUKE'S Co.,Ltd.",Standard,Information & Communication,-,False
4335.T,4335,"IPS HOLDINGS CO.,LTD.",Standard,Information & Communication,-,False
4337.T,4337,PIA CORPORATION,Prime,Services,TOPIX Small 2,True
4341.T,4341,SEIRYO ELECTRIC CORPORATION,Standard,Services,-,False
4343.T,4343,"AEON Fantasy Co.,LTD.",Prime,Services,TOPIX Small 2,True
4344.T,4344,SOURCENEXT CORPORATION,Prime,Information & Communication,TOPIX Small 2,True
4345.T,4345,"CTS Co.,Ltd.",Prime,Services,TOPIX Small 2,True
4346.T,4346,NEXYZ.Group Corporation,Standard,Other Financing Business,-,False
4347.T,4347,Broadmedia Corporation,Standard,Services,-,False
4350.T,4350,"MEDICAL SYSTEM NETWORK Co.,Ltd.",Standard,Retail Trade,TOPIX Small 2,False
4351.T,4351,YAMADA SERVICER SYNTHETIC OFFICE,Standard,Other Financing Business,-,False
4356.T,4356,"APPLIED TECHNOLOGY CO.,LTD.",Standard,Information & Communication,-,False
4360.T,4360,"MANAC Chemical Partners Co.,Ltd",Standard,Chemicals,-,False
4361.T,4361,"KAWAGUCHI CHEMICAL INDUSTRY CO.,LTD.",Standard,Chemicals,-,False
4362.T,4362,"Nippon Fine Chemical Co.,Ltd.",Prime,Chemicals,TOPIX Small 2,True
4365.T,4365,"MATSUMOTO YUSHI-SEIYAKU CO.,LTD.",Standard,Chemicals,-,False
4366.T,4366,Daito Chemix Corporation,Standard,Chemicals,-,False
4368.T,4368,"FUSO CHEMICAL CO.,LTD.",Prime,Chemicals,TOPIX Small 1,True
4369.T,4369,Tri Chemical Laboratories Inc.,Prime,Chemicals,TOPIX Small 1,True
436A.T,436A,CyberSolutions Inc.,Growth,Information & Communication,-,False
4370.T,4370,Mobilus Corporation,Growth,Information & Communication,-,False
4371.T,4371,Core Concept Technologies Inc.,Growth,Information & Communication,-,False
4372.T,4372,"YMIRLINK,Inc.",Growth,Information & Communication,-,False
4373.T,4373,"Simplex Holdings,Inc.",Prime,Information & Communication,TOPIX Small 1,True
4374.T,4374,ROBOT PAYMENT INC.,Growth,Information & Communication,-,False
4375.T,4375,Safie Inc.,Growth,Information & Communication,-,False
4376.T,4376,Kufu Company Holdings Inc.,Growth,Information & Communication,-,False
4377.T,4377,ONE CAREER Inc.,Growth,Information & Communication,-,False
4378.T,4378,CINC Corp.,Growth,Information & Communication,-,False
4379.T,4379,Photosynth inc.,Growth,Information & Communication,-,False
4380.T,4380,M - mart Inc.,Growth,Information & Communication,-,False
4381.T,4381,"BPLATS,Inc.",Growth,Information & Communication,-,False
4382.T,4382,"HEROZ,Inc.",Standard,Information & Communication,TOPIX Small 2,False
4385.T,4385,"Mercari,Inc.",Prime,Information & Communication,TOPIX Mid400,True
4386.T,4386,"SIG Group Co.,Ltd.",Standard,Information & Communication,-,False
4387.T,4387,"ZUU Co.,Ltd.",Growth,Information & Communication,-,False
4388.T,4388,"AI,Inc.",Standard,Information & Communication,-,False
4389.T,4389,"Property Data Bank,Inc.",Growth,Information & Communication,-,False
438A.T,438A,"Infcurion,Inc.",Growth,Information & Communication,-,False
4390.T,4390,"IPS,Inc.",Prime,Information & Communication,TOPIX Small 2,True
4391.T,4391,"Logizard Co.,Ltd.",Growth,Information & Communication,-,False
4392.T,4392,"Future Innovation Group,Inc.",Prime,Information & Communication,-,True
4393.T,4393,"Bank of Innovation,Inc.",Growth,Information & Communication,-,False
4394.T,4394,"eXmotion Co.,Ltd.",Growth,Information & Communication,-,False
4395.T,4395,Accrete Inc.,Growth,Information & Communication,-,False
4396.T,4396,System Support Holdings Inc.,Prime,Information & Communication,TOPIX Small 2,True
4397.T,4397,TeamSpirit Inc.,Growth,Information & Communication,-,False
4398.T,4398,"BroadBand Security,Inc.",Standard,Information & Communication,-,False
4401.T,4401,ADEKA CORPORATION,Prime,Chemicals,TOPIX Mid400,True
4403.T,4403,NOF CORPORATION,Prime,Chemicals,TOPIX Mid400,True
4404.T,4404,"Miyoshi Oil & Fat Co.,Ltd.",Standard,Foods,-,False
4406.T,4406,"New Japan Chemical Co.,Ltd.",Standard,Chemicals,-,False
4409.T,4409,"TOHO CHEMICAL INDUSTRY COMPANY,LIMITED",Standard,Chemicals,-,False
4410.T,4410,"HARIMA CHEMICALS GROUP,INC.",Prime,Chemicals,TOPIX Small 2,True
4412.T,4412,"Science Arts,Inc.",Growth,Information & Communication,-,False
4413.T,4413,"baudroie,inc.",Prime,Information & Communication,TOPIX Small 2,True
4414.T,4414,"FLECT Co.,Ltd.",Growth,Information & Communication,-,False
4415.T,4415,"BROAD ENTERPRISE CO.,LTD.",Growth,Information & Communication,-,False
4416.T,4416,True Data Inc.,Growth,Information & Communication,-,False
4417.T,4417,Global Security Experts Inc.,Growth,Information & Communication,-,False
4418.T,4418,Japan Data Science Consortium Co.Ltd.,Growth,Information & Communication,-,False
4419.T,4419,Finatext Holdings Ltd.,Growth,Information & Communication,-,False
441A.T,441A,NE Inc.,Growth,Information & Communication,TOPIX Small 2,False
4420.T,4420,"eSOL Co.,Ltd.",Standard,Information & Communication,TOPIX Small 2,False
4421.T,4421,"D.I.System Co.,Ltd.",Standard,Information & Communication,-,False
4422.T,4422,VALUENEX Japan Inc.,Growth,Information & Communication,-,False
4424.T,4424,"Amazia,inc.",Growth,Information & Communication,-,False
4425.T,4425,Kudan Inc.,Growth,Information & Communication,-,False
4427.T,4427,"EduLab,Inc.",Growth,Information & Communication,-,False
4428.T,4428,sinops Inc.,Growth,Information & Communication,-,False
4429.T,4429,"Ricksoft Co.,Ltd.",Growth,Information & Communication,-,False
442A.T,442A,"Classico,Inc.",Growth,Textiles and Apparels,-,False
4430.T,4430,"TOKAI SOFT CO.,LTD.",Standard,Information & Communication,-,False
4431.T,4431,"Smaregi,Inc.",Growth,Information & Communication,-,False
4432.T,4432,WingArc1st Inc.,Prime,Information & Communication,TOPIX Small 1,True
4433.T,4433,"HITO-Communications Holdings,Inc.",Prime,Services,TOPIX Small 2,True
4434.T,4434,"Serverworks Co.,Ltd.",Standard,Information & Communication,TOPIX Small 2,False
4436.T,4436,"MINKABU THE INFONOID,Inc.",Growth,Information & Communication,-,False
4437.T,4437,"gooddays holdings,Inc.",Growth,Information & Communication,-,False
4438.T,4438,Welby Inc.,Growth,Information & Communication,-,False
4439.T,4439,"TOUMEI CO.,LTD.",Standard,Information & Communication,-,False
4440.T,4440,WITZ Corporation,Standard,Information & Communication,-,False
4441.T,4441,Tobila Systems Inc.,Standard,Information & Communication,-,False
4442.T,4442,"VALTES HOLDINGS CO.,LTD.",Growth,Information & Communication,-,False
4443.T,4443,"Sansan,Inc.",Prime,Information & Communication,TOPIX Small 1,True
4444.T,4444,INFONET inc.,Growth,Information & Communication,-,False
4445.T,4445,Living Technologies Inc.,Growth,Information & Communication,-,False
4446.T,4446,Link-U Group Inc.,Standard,Information & Communication,-,False
4447.T,4447,"PBsystems,Inc.",Growth,Information & Communication,-,False
4448.T,4448,"kubell Co.,Ltd.",Growth,Information & Communication,-,False
4450.T,4450,"Power Solutions,Ltd.",Growth,Information & Communication,-,False
4452.T,4452,Kao Corporation,Prime,Chemicals,TOPIX Large70,True
4461.T,4461,DKS Co.Ltd.,Prime,Chemicals,TOPIX Small 2,True
4462.T,4462,"ISHIHARA CHEMICAL CO.,LTD.",Prime,Chemicals,TOPIX Small 2,True
4463.T,4463,"NICCA CHEMICAL CO.,LTD.",Standard,Chemicals,-,False
4464.T,4464,SOFT99corporation,Standard,Chemicals,-,False
4465.T,4465,"Niitaka Co., Ltd.",Standard,Chemicals,-,False
446A.T,446A,"Northsand,Inc.",Growth,Services,-,False
4471.T,4471,"SANYO CHEMICAL INDUSTRIES,LTD.",Prime,Chemicals,TOPIX Small 1,True
4475.T,4475,HENNGE K.K.,Growth,Information & Communication,-,False
4476.T,4476,AI CROSS Inc.,Growth,Information & Communication,-,False
4477.T,4477,"BASE,Inc.",Growth,Information & Communication,-,False
4478.T,4478,freee K.K.,Growth,Information & Communication,-,False
4479.T,4479,"Makuake,Inc.",Growth,Information & Communication,-,False
4480.T,4480,"MEDLEY,INC.",Prime,Information & Communication,TOPIX Small 1,True
4481.T,4481,"BASE CO.,LTD.",Prime,Information & Communication,TOPIX Small 2,True
4482.T,4482,WILLs Inc.,Growth,Information & Communication,-,False
4483.T,4483,JMDC Inc.,Prime,Information & Communication,TOPIX Small 1,True
4484.T,4484,"LANCERS,INC.",Growth,Information & Communication,-,False
4486.T,4486,Unite and Grow Inc.,Growth,Information & Communication,-,False
4487.T,4487,"Spacemarket,Inc.",Growth,Information & Communication,-,False
4488.T,4488,AI inside Inc.,Growth,Information & Communication,-,False
4490.T,4490,VisasQ Inc.,Growth,Information & Communication,-,False
4491.T,4491,"Computer Management Co.,Ltd.",Standard,Information & Communication,-,False
4492.T,4492,GENETEC CORPORATION,Standard,Information & Communication,-,False
4493.T,4493,"Cyber Security Cloud,Inc.",Growth,Information & Communication,-,False
4495.T,4495,"i Cubed Systems,Inc.",Growth,Information & Communication,-,False
4496.T,4496,Commerce One Holdings Inc.,Growth,Information & Communication,-,False
4498.T,4498,"Cybertrust Japan Co.,Ltd.",Growth,Information & Communication,-,False
4499.T,4499,"Speee,Inc.",Standard,Information & Communication,-,False
4502.T,4502,Takeda Pharmaceutical Company Limited,Prime,Pharmaceutical,TOPIX Core30,True
4503.T,4503,Astellas Pharma Inc.,Prime,Pharmaceutical,TOPIX Large70,True
4506.T,4506,"Sumitomo Pharma Co.,Ltd.",Prime,Pharmaceutical,TOPIX Mid400,True
4507.T,4507,"Shionogi & Co.,Ltd.",Prime,Pharmaceutical,TOPIX Large70,True
4512.T,4512,"WAKAMOTO PHARMACEUTICAL CO.,LTD.",Standard,Pharmaceutical,-,False
4516.T,4516,"Nippon Shinyaku Co.,Ltd.",Prime,Pharmaceutical,TOPIX Mid400,True
4519.T,4519,"CHUGAI PHARMACEUTICAL CO.,LTD.",Prime,Pharmaceutical,TOPIX Large70,True
4521.T,4521,"KAKEN PHARMACEUTICAL CO.,LTD.",Prime,Pharmaceutical,TOPIX Small 1,True
4523.T,4523,"Eisai Co.,Ltd.",Prime,Pharmaceutical,TOPIX Mid400,True
4524.T,4524,"MORISHITA JINTAN CO.,LTD.",Standard,Pharmaceutical,-,False
4526.T,4526,"RIKEN VITAMIN CO.,LTD.",Prime,Foods,TOPIX Small 2,True
4527.T,4527,"ROHTO PHARMACEUTICAL CO.,LTD.",Prime,Pharmaceutical,TOPIX Mid400,True
4528.T,4528,"ONO PHARMACEUTICAL CO.,LTD.",Prime,Pharmaceutical,TOPIX Mid400,True
4531.T,4531,"Yuki Gosei Kogyo Co.,Ltd.",Standard,Chemicals,-,False
4534.T,4534,"Mochida Pharmaceutical Co.,Ltd.",Prime,Pharmaceutical,TOPIX Small 2,True
4536.T,4536,"SANTEN PHARMACEUTICAL CO.,LTD.",Prime,Pharmaceutical,TOPIX Mid400,True
4538.T,4538,"Fuso Pharmaceutical Industries,Ltd.",Prime,Pharmaceutical,TOPIX Small 2,True
4539.T,4539,"NIPPON CHEMIPHAR CO.,LTD.",Standard,Pharmaceutical,-,False
4540.T,4540,TSUMURA & CO.,Prime,Pharmaceutical,TOPIX Mid400,True
4543.T,4543,TERUMO CORPORATION,Prime,Precision Instruments,TOPIX Large70,True
4544.T,4544,"H.U. Group Holdings,Inc.",Prime,Services,TOPIX Mid400,True
4547.T,4547,"KISSEI PHARMACEUTICAL CO.,LTD.",Prime,Pharmaceutical,TOPIX Small 1,True
4548.T,4548,SEIKAGAKU CORPORATION,Prime,Pharmaceutical,TOPIX Small 2,True
4549.T,4549,"EIKEN CHEMICAL CO.,LTD.",Prime,Pharmaceutical,TOPIX Small 1,True
4552.T,4552,"JCR Pharmaceuticals Co.,Ltd.",Prime,Pharmaceutical,TOPIX Small 1,True
4553.T,4553,"TOWA PHARMACEUTICAL CO.,LTD.",Prime,Pharmaceutical,TOPIX Small 1,True
4554.T,4554,"Fuji Pharma Co.,Ltd.",Prime,Pharmaceutical,TOPIX Small 2,True
4558.T,4558,"CHUKYO IYAKUHIN CO.,LTD.",Standard,Pharmaceutical,-,False
4559.T,4559,"ZERIA PHARMACEUTICAL CO.,LTD.",Prime,Pharmaceutical,TOPIX Small 1,True
4563.T,4563,"AnGes,Inc.",Growth,Pharmaceutical,-,False
4564.T,4564,"OncoTherapy Science,Inc.",Growth,Pharmaceutical,-,False
4565.T,4565,"Nxera Pharma Co.,Ltd.",Prime,Pharmaceutical,TOPIX Small 1,True
4568.T,4568,"DAIICHI SANKYO COMPANY,LIMITED",Prime,Pharmaceutical,TOPIX Core30,True
4569.T,4569,"KYORIN Pharmaceutical Co.,Ltd.",Prime,Pharmaceutical,TOPIX Small 1,True
456A.T,456A,HUMAN MADE Inc.,Growth,Retail Trade,-,False
4570.T,4570,"Immuno-Biological Laboratories Co.,Ltd.",Growth,Pharmaceutical,-,False
4571.T,4571,"Nano Holdings,Inc.",Growth,Pharmaceutical,-,False
4572.T,4572,"Carna Biosciences,Inc.",Growth,Pharmaceutical,-,False
4574.T,4574,"TAIKO PHARMACEUTICAL CO.,LTD.",Prime,Pharmaceutical,TOPIX Small 2,True
4575.T,4575,"CanBas Co.,Ltd.",Growth,Pharmaceutical,-,False
4576.T,4576,"D.Western Therapeutics Institute, Inc.",Growth,Pharmaceutical,-,False
4577.T,4577,"Daito Pharmaceutical Co.,Ltd.",Prime,Pharmaceutical,TOPIX Small 2,True
4578.T,4578,"Otsuka Holdings Co.,Ltd.",Prime,Pharmaceutical,TOPIX Large70,True
4579.T,4579,RaQualia Pharma Inc.,Growth,Pharmaceutical,-,False
4582.T,4582,SymBio Pharmaceuticals Limited,Growth,Pharmaceutical,-,False
4583.T,4583,Chiome Bioscience Inc.,Growth,Pharmaceutical,-,False
4584.T,4584,Kidswell Bio Corporation,Growth,Pharmaceutical,-,False
4586.T,4586,"Medrx Co.,Ltd.",Growth,Pharmaceutical,-,False
4587.T,4587,PeptiDream Inc.,Prime,Pharmaceutical,TOPIX Mid400,True
4588.T,4588,Oncolys BioPharma Inc.,Growth,Pharmaceutical,-,False
4591.T,4591,RIBOMIC Inc.,Growth,Pharmaceutical,-,False
4592.T,4592,SanBio Company Limited,Growth,Pharmaceutical,-,False
4593.T,4593,HEALIOS K.K.,Growth,Pharmaceutical,-,False
4594.T,4594,"BrightPath Biotherapeutics Co.,Ltd.",Growth,Pharmaceutical,-,False
4595.T,4595,"MIZUHO MEDY CO.,LTD.",Standard,Pharmaceutical,-,False
4596.T,4596,"Kubota Pharmaceutical Holdings Co.,Ltd.",Growth,Pharmaceutical,-,False
4597.T,4597,Solasia Pharma K.K.,Growth,Pharmaceutical,-,False
4598.T,4598,"Delta-Fly Pharma,Inc.",Growth,Pharmaceutical,-,False
4599.T,4599,StemRIM Inc.,Growth,Pharmaceutical,-,False
460A.T,460A,BRANU Inc.,Growth,Information & Communication,-,False
4611.T,4611,"Dai Nippon Toryo Company,Limited",Prime,Chemicals,TOPIX Small 2,True
4612.T,4612,"NIPPON PAINT HOLDINGS CO.,LTD.",Prime,Chemicals,TOPIX Mid400,True
4613.T,4613,"KANSAI PAINT CO.,LTD.",Prime,Chemicals,TOPIX Mid400,True
4615.T,4615,"SHINTO PAINT COMPANY,LIMITED",Standard,Chemicals,-,False
4616.T,4616,"KAWAKAMI PAINT MANUFACTURING CO.,LTD.",Standard,Chemicals,-,False
4617.T,4617,"Chugoku Marine Paints,Ltd.",Prime,Chemicals,TOPIX Small 1,True
4619.T,4619,"Nihon Tokushu Toryo Co.,Ltd.",Standard,Chemicals,-,False
4620.T,4620,"FUJIKURA KASEI CO.,LTD.",Standard,Chemicals,TOPIX Small 2,False
4623.T,4623,ASAHIPEN CORPORATION,Standard,Chemicals,-,False
4624.T,4624,"Isamu Paint Co.,Ltd.",Standard,Chemicals,-,False
4625.T,4625,"ATOMIX CO.,LTD.",Standard,Chemicals,-,False
4626.T,4626,"TAIYO HOLDINGS CO.,LTD.",Prime,Chemicals,TOPIX Mid400,True
4627.T,4627,"NATOCO CO.,LTD.",Standard,Chemicals,-,False
4628.T,4628,"SK KAKEN CO.,LTD.",Standard,Chemicals,-,False
4629.T,4629,"DAISHIN CHEMICAL CO.,LTD.",Standard,Chemicals,-,False
462A.T,462A,"FUNDINNO,INC.",Growth,Securities and Commodities Futures,-,False
4631.T,4631,DIC Corporation,Prime,Chemicals,TOPIX Mid400,True
4633.T,4633,SAKATA INX CORPORATION,Prime,Chemicals,TOPIX Small 1,True
4634.T,4634,"artience Co.,Ltd.",Prime,Chemicals,TOPIX Small 1,True
4635.T,4635,"TOKYO PRINTING INK MFG.CO.,LTD.",Standard,Chemicals,-,False
463A.T,463A,"INTELLEX HOLDINGS Co.,Ltd.",Standard,Real Estate,-,False
4641.T,4641,Altech Corporation,Prime,Services,TOPIX Small 2,True
4642.T,4642,"ORIGINAL ENGINEERING CONSULTANTS CO.,LTD.",Standard,Services,-,False
4644.T,4644,"Imagineer Co.,Ltd.",Standard,Information & Communication,-,False
4645.T,4645,"ICHISHIN HOLDINGS CO.,LTD.",Standard,Services,-,False
464A.T,464A,QPS Holdings Inc.,Growth,Information & Communication,-,False
4650.T,4650,"SD ENTERTAINMENT,Inc.",Standard,Services,-,False
4651.T,4651,SANIX HOLDINGS INCORPORATED,Standard,Services,TOPIX Small 2,False
4657.T,4657,"ENVIRONMENTAL CONTROL CENTER CO.,LTD.",Standard,Services,-,False
4658.T,4658,"Nippon Air Conditioning Services Co.,Ltd.",Prime,Services,TOPIX Small 2,True
4661.T,4661,"ORIENTAL LAND CO.,LTD.",Prime,Services,TOPIX Large70,True
4662.T,4662,Focus Systems Corporation,Prime,Information & Communication,TOPIX Small 2,True
4664.T,4664,JAPAN RELIANCE SERVICE CORPORATION,Standard,Services,-,False
4665.T,4665,"DUSKIN CO.,LTD.",Prime,Services,TOPIX Mid400,True
4666.T,4666,"PARK24 Co.,Ltd.",Prime,Real Estate,TOPIX Mid400,True
4667.T,4667,"AISAN TECHNOLOGY CO.,LTD.",Standard,Information & Communication,-,False
4668.T,4668,"MEIKO NETWORK JAPAN CO.,LTD.",Prime,Services,TOPIX Small 2,True
4671.T,4671,"FALCO HOLDINGS Co.,Ltd.",Standard,Services,TOPIX Small 2,False
4673.T,4673,"Kawasaki Geological Engineering Co.,Ltd.",Standard,Services,-,False
4674.T,4674,CRESCO LTD.,Prime,Information & Communication,TOPIX Small 2,True
4676.T,4676,"FUJI MEDIA HOLDINGS,INC.",Prime,Information & Communication,TOPIX Mid400,True
4678.T,4678,"SHUEI YOBIKO Co.,Ltd.",Standard,Services,-,False
4679.T,4679,"TAYA Co.,Ltd.",Standard,Services,-,False
4680.T,4680,ROUND ONE Corporation,Prime,Services,TOPIX Mid400,True
4681.T,4681,"RESORTTRUST,INC.",Prime,Services,TOPIX Mid400,True
4684.T,4684,"OBIC Co.,Ltd.",Prime,Information & Communication,TOPIX Mid400,True
4685.T,4685,"Ryoyu Systems Co.,Ltd.",Standard,Information & Communication,-,False
4686.T,4686,JUSTSYSTEMS CORPORATION,Prime,Information & Communication,TOPIX Small 1,True
4687.T,4687,TDC SOFT Inc.,Prime,Information & Communication,TOPIX Small 2,True
4689.T,4689,LY Corporation,Prime,Information & Communication,TOPIX Large70,True
4691.T,4691,WASHINGTON HOTEL CORPORATION,Standard,Services,-,False
4694.T,4694,"BML,INC.",Prime,Services,TOPIX Small 1,True
469A.T,469A,Fitcrew Inc.,Growth,Services,-,False
4704.T,4704,Trend Micro Incorporated,Prime,Information & Communication,TOPIX Mid400,True
4705.T,4705,CLIP Corporation,Standard,Services,-,False
4707.T,4707,KITAC CORPORATION,Standard,Services,-,False
4709.T,4709,ID Holdings Corporation,Prime,Information & Communication,TOPIX Small 2,True
4712.T,4712,"KeyHolder,Inc.",Standard,Services,-,False
4714.T,4714,RISO KYOIKU GROUP CORPORATION,Prime,Services,TOPIX Small 2,True
4716.T,4716,ORACLE CORPORATION JAPAN,Standard,Information & Communication,TOPIX Mid400,False
4718.T,4718,"WASEDA ACADEMY CO.,LTD.",Prime,Services,TOPIX Small 2,True
4719.T,4719,ALPHA SYSTEMS INC.,Prime,Information & Communication,TOPIX Small 2,True
471A.T,471A,"NS Group,Inc.",Prime,Other Financing Business,TOPIX Small 2,True
4720.T,4720,"JOHNAN ACADEMIC PREPARATORY INSTITUTE,INC.",Standard,Services,-,False
4722.T,4722,Future Corporation,Prime,Information & Communication,TOPIX Small 1,True
4725.T,4725,CAC Holdings Corporation,Prime,Information & Communication,TOPIX Small 2,True
4728.T,4728,"TOSE CO.,LTD.",Standard,Information & Communication,-,False
472A.T,472A,"Mirrativ,Inc.",Growth,Information & Communication,-,False
4732.T,4732,"USS Co.,Ltd.",Prime,Services,TOPIX Mid400,True
4733.T,4733,"OBIC BUSINESS CONSULTANTS CO.,LTD.",Prime,Information & Communication,TOPIX Mid400,True
4735.T,4735,"KYOSHIN CO.,LTD.",Standard,Services,-,False
4736.T,4736,Nippon RAD Inc.,Standard,Information & Communication,-,False
4743.T,4743,ITFOR Inc.,Prime,Information & Communication,TOPIX Small 2,True
4746.T,4746,"Toukei Computer Co.,Ltd.",Standard,Information & Communication,TOPIX Small 2,False
4750.T,4750,"DAISAN CO.,LTD.",Standard,Services,-,False
4751.T,4751,"CyberAgent,Inc.",Prime,Services,TOPIX Mid400,True
4752.T,4752,SHOWA SYSTEM ENGINEERING CORPORATION,Standard,Information & Communication,-,False
4754.T,4754,TOSNET CORPORATION,Standard,Services,-,False
4755.T,4755,"Rakuten Group,Inc.",Prime,Services,TOPIX Mid400,True
475A.T,475A,"GIMIC Co.,Ltd.",Standard,Services,-,False
4760.T,4760,"ALPHA CO.,LTD.",Standard,Services,-,False
4761.T,4761,SAKURA KCS Corporation,Standard,Information & Communication,-,False
4762.T,4762,XNET Corporation,Standard,Information & Communication,-,False
4763.T,4763,"CREEK & RIVER Co.,Ltd.",Prime,Services,TOPIX Small 2,True
4765.T,4765,"SBI Global Asset Management Co.,Ltd.",Prime,Services,TOPIX Small 2,True
4766.T,4766,"PA Co.,Ltd.",Standard,Services,-,False
4767.T,4767,"TOW CO.,LTD.",Standard,Services,TOPIX Small 2,False
4768.T,4768,OTSUKA CORPORATION,Prime,Information & Communication,TOPIX Mid400,True
4769.T,4769,"IC CO.,LTD.",Standard,Information & Communication,-,False
476A.T,476A,"Tsuji Hongo IT Consulting Co.,Ltd.",Standard,Information & Communication,-,False
4771.T,4771,"F&M CO.,LTD.",Standard,Services,-,False
4772.T,4772,"SM ENTERTAINMENT JAPAN Co.,Ltd.",Growth,Information & Communication,-,False
4776.T,4776,"Cybozu,Inc.",Prime,Information & Communication,TOPIX Small 1,True
4777.T,4777,GALA INCORPORATED,Standard,Information & Communication,-,False
477A.T,477A,"Startline CO.,LTD.",Growth,Services,-,False
4783.T,4783,"NCD Co.,Ltd.",Standard,Information & Communication,-,False
4784.T,4784,"GMO internet,Inc.",Prime,Services,TOPIX Small 2,True
478A.T,478A,Hutzper Inc.,Growth,Information & Communication,-,False
4792.T,4792,"YAMADA Consulting Group Co.,Ltd.",Prime,Services,TOPIX Small 2,True
479A.T,479A,PRONI Inc.,Growth,Information & Communication,-,False
4800.T,4800,Oricon Inc.,Standard,Information & Communication,-,False
4801.T,4801,"CENTRAL SPORTS CO.,LTD.",Prime,Services,TOPIX Small 2,True
4809.T,4809,Paraca Inc.,Prime,Real Estate,TOPIX Small 2,True
480A.T,480A,"LiB Consulting Co.,Ltd.",Growth,Services,-,False
4811.T,4811,DreamArts Corporation,Growth,Information & Communication,-,False
4812.T,4812,DENTSU SOKEN INC.,Prime,Information & Communication,TOPIX Small 1,True
4813.T,4813,"ACCESS CO.,LTD.",Prime,Information & Communication,-,True
4814.T,4814,Nextware Ltd.,Standard,Information & Communication,-,False
4816.T,4816,"TOEI ANIMATION CO.,LTD.",Standard,Information & Communication,-,False
4819.T,4819,"Digital Garage,Inc.",Prime,Information & Communication,TOPIX Small 1,True
4820.T,4820,"EM SYSTEMS CO.,LTD.",Prime,Information & Communication,TOPIX Small 2,True
4825.T,4825,WEATHERNEWS INC.,Prime,Information & Communication,TOPIX Small 1,True
4826.T,4826,"Computer Institute of Japan, Ltd.",Prime,Information & Communication,TOPIX Small 2,True
4828.T,4828,Business Engineering Corporation,Prime,Information & Communication,TOPIX Small 2,True
4829.T,4829,"Nihon Enterprise Co.,Ltd.",Standard,Information & Communication,-,False
4832.T,4832,"JFE Systems, Inc.",Standard,Information & Communication,-,False
4833.T,4833,"Def consulting,inc.",Growth,Services,-,False
4838.T,4838,SPACE SHOWER SKIYAKI HOLDINGS INC.,Standard,Information & Communication,-,False
4839.T,4839,WOWOW INC.,Prime,Information & Communication,TOPIX Small 2,True
483A.T,483A,"Tera Technology,Inc.",Standard,Information & Communication,-,False
4840.T,4840,TriIs Incorporated,Standard,Services,-,False
4845.T,4845,"Scala,Inc.",Standard,Information & Communication,TOPIX Small 2,False
4847.T,4847,INTELLIGENT WAVE INC.,Prime,Information & Communication,-,True
4848.T,4848,"FULLCAST HOLDINGS CO.,LTD.",Prime,Services,TOPIX Small 2,True
4849.T,4849,en Inc.,Prime,Services,TOPIX Small 1,True
485A.T,485A,"PowerX,Inc.",Growth,Electric Appliances,-,False
4880.T,4880,"CellSource Co.,Ltd.",Standard,Pharmaceutical,TOPIX Small 2,False
4881.T,4881,FunPep Company Limited,Growth,Pharmaceutical,-,False
4882.T,4882,Perseus Proteomics Inc.,Growth,Pharmaceutical,-,False
4883.T,4883,Modalis Therapeutics Corporation,Growth,Pharmaceutical,-,False
4884.T,4884,"Kringle Pharma,Inc.",Growth,Pharmaceutical,-,False
4885.T,4885,MUROMACHI CHEMICALS INC.,Standard,Pharmaceutical,-,False
4886.T,4886,"ASKA Pharmaceutical Holdings Co.,Ltd.",Prime,Pharmaceutical,TOPIX Small 2,True
4887.T,4887,"SAWAI GROUP HOLDINGS Co.,Ltd.",Prime,Pharmaceutical,TOPIX Mid400,True
4888.T,4888,STELLA PHARMA CORPORATION,Growth,Pharmaceutical,-,False
4889.T,4889,Renascience Inc.,Growth,Pharmaceutical,-,False
4890.T,4890,Tsubota Laboratory Incorporated,Growth,Pharmaceutical,-,False
4891.T,4891,"TMS Co.,Ltd.",Growth,Pharmaceutical,-,False
4892.T,4892,Cyfuse Biomedical K.K.,Growth,Pharmaceutical,-,False
4893.T,4893,Noile-Immune Biotech Inc.,Growth,Pharmaceutical,-,False
4894.T,4894,Cuorips Inc.,Growth,Pharmaceutical,-,False
4896.T,4896,"K Pharma,Inc.",Growth,Pharmaceutical,-,False
4901.T,4901,FUJIFILM Holdings Corporation,Prime,Chemicals,TOPIX Large70,True
4902.T,4902,"KONICA MINOLTA,INC.",Prime,Electric Appliances,TOPIX Mid400,True
4911.T,4911,"Shiseido Company,Limited",Prime,Chemicals,TOPIX Mid400,True
4912.T,4912,Lion Corporation,Prime,Chemicals,TOPIX Mid400,True
4914.T,4914,TAKASAGO INTERNATIONAL CORPORATION,Prime,Chemicals,TOPIX Small 1,True
4918.T,4918,IVY COSMETICS CORPORATION,Standard,Chemicals,-,False
4919.T,4919,"Milbon Co.,Ltd.",Prime,Chemicals,TOPIX Small 1,True
4920.T,4920,"Nippon Shikizai,Inc.",Standard,Chemicals,-,False
4922.T,4922,KOSE Holdings Corporation,Prime,Chemicals,TOPIX Mid400,True
4923.T,4923,"COTA CO.,LTD.",Prime,Chemicals,TOPIX Small 2,True
4925.T,4925,"HABA LABORATORIES,INC.",Standard,Chemicals,-,False
4926.T,4926,"C'BON COSMETICS Co.,Ltd.",Standard,Chemicals,-,False
4927.T,4927,POLA ORBIS HOLDINGS INC.,Prime,Chemicals,TOPIX Mid400,True
4928.T,4928,"Noevir Holdings Co.,Ltd.",Prime,Chemicals,TOPIX Small 1,True
4929.T,4929,"ADJUVANT HOLDINGS CO.,LTD.",Standard,Chemicals,-,False
4931.T,4931,"Shinnihonseiyaku Co.,Ltd.",Prime,Chemicals,TOPIX Small 2,True
4932.T,4932,"ALMADO,INC.",Standard,Chemicals,-,False
4933.T,4933,"I-ne CO.,LTD.",Prime,Chemicals,TOPIX Small 2,True
4934.T,4934,"Premier Anti-Aging Co.,Ltd.",Growth,Chemicals,-,False
4935.T,4935,"LIBERTA CO.,LTD.",Standard,Chemicals,-,False
4936.T,4936,AXXZIA Inc.,Standard,Chemicals,TOPIX Small 2,False
4937.T,4937,Waqoo Inc.,Growth,Chemicals,-,False
4951.T,4951,S.T.CORPORATION,Prime,Chemicals,TOPIX Small 2,True
4956.T,4956,"KONISHI CO.,LTD.",Prime,Chemicals,TOPIX Small 2,True
4958.T,4958,"T.HASEGAWA CO.,LTD.",Prime,Chemicals,TOPIX Small 1,True
4960.T,4960,"CHEMIPRO KASEI KAISHA,LTD.",Standard,Chemicals,-,False
4966.T,4966,"C.Uyemura & Co.,Ltd.",Standard,Chemicals,-,False
4967.T,4967,"KOBAYASHI PHARMACEUTICAL CO.,LTD.",Prime,Chemicals,TOPIX Mid400,True
4968.T,4968,"ARAKAWA CHEMICAL INDUSTRIES,LTD.",Prime,Chemicals,TOPIX Small 2,True
4970.T,4970,"Toyo Gosei Co.,Ltd.",Standard,Chemicals,-,False
4971.T,4971,MEC COMPANY LTD.,Prime,Chemicals,TOPIX Small 1,True
4972.T,4972,"Soken Chemical & Engineering Co.,Ltd.",Standard,Chemicals,-,False
4973.T,4973,"JAPAN PURE CHEMICAL CO.,LTD.",Prime,Chemicals,TOPIX Small 2,True
4975.T,4975,JCU CORPORATION,Prime,Chemicals,TOPIX Small 1,True
4976.T,4976,"TOYO DRILUBE CO.,LTD.",Standard,Chemicals,-,False
4977.T,4977,Nitta Gelatin Inc.,Standard,Chemicals,-,False
4978.T,4978,ReproCELL Incorporated,Growth,Chemicals,-,False
4979.T,4979,"OAT Agrio Co.,Ltd.",Standard,Chemicals,TOPIX Small 2,False
4980.T,4980,Dexerials Corporation,Prime,Chemicals,TOPIX Mid400,True
4985.T,4985,Earth Corporation,Prime,Chemicals,TOPIX Small 1,True
4990.T,4990,"Showa Chemical Industry Co.,Ltd.",Standard,Chemicals,-,False
4992.T,4992,"HOKKO CHEMICAL INDUSTRY CO.,LTD.",Standard,Chemicals,TOPIX Small 2,False
4994.T,4994,"Taisei Lamick Group Head Quarter & Innovation Co.,Ltd.",Standard,Chemicals,TOPIX Small 2,False
4996.T,4996,"KUMIAI CHEMICAL INDUSTRY CO.,LTD.",Prime,Chemicals,TOPIX Small 1,True
4997.T,4997,"NIHON NOHYAKU CO.,LTD.",Prime,Chemicals,TOPIX Small 2,True
4998.T,4998,FUMAKILLA LIMITED,Standard,Chemicals,-,False
500A.T,500A,"TO Books,Inc.",Standard,Information & Communication,-,False
5010.T,5010,"NIPPON SEIRO CO.,LTD.",Standard,Oil and Coal Products,-,False
5011.T,5011,"NICHIREKI GROUP CO.,LTD.",Prime,Oil and Coal Products,TOPIX Small 2,True
5013.T,5013,Yushiro Inc.,Standard,Oil and Coal Products,TOPIX Small 2,False
5015.T,5015,BP Castrol K.K.,Standard,Oil and Coal Products,-,False
5016.T,5016,JX Advanced Metals Corporation,Prime,Nonferrous Metals,TOPIX Mid400,True
5018.T,5018,MORESCO Corporation,Standard,Oil and Coal Products,-,False
5019.T,5019,"Idemitsu Kosan Co.,Ltd.",Prime,Oil and Coal Products,TOPIX Mid400,True
5020.T,5020,"ENEOS Holdings,Inc.",Prime,Oil and Coal Products,TOPIX Large70,True
5021.T,5021,"COSMO ENERGY HOLDINGS COMPANY,LIMITED",Prime,Oil and Coal Products,TOPIX Mid400,True
5025.T,5025,MERCURY Inc.,Growth,Information & Communication,-,False
5026.T,5026,"TRIPLEIZE CO.,LTD.",Growth,Information & Communication,-,False
5027.T,5027,AnyMind Group Inc.,Growth,Information & Communication,-,False
5028.T,5028,"SecondXight Analytica,Inc.",Growth,Information & Communication,-,False
5029.T,5029,circlace Inc,Growth,Information & Communication,-,False
5031.T,5031,Moi Corporation,Growth,Information & Communication,-,False
5032.T,5032,ANYCOLOR Inc.,Prime,Information & Communication,TOPIX Small 1,True
5033.T,5033,Nulab Inc.,Growth,Information & Communication,-,False
5034.T,5034,"unerry,Inc.",Growth,Information & Communication,-,False
5035.T,5035,HOUSEI Inc.,Growth,Information & Communication,-,False
5036.T,5036,"Japan Business Systems,Inc.",Prime,Information & Communication,TOPIX Small 2,True
5038.T,5038,"eWeLL Co.,Ltd.",Growth,Information & Communication,-,False
504A.T,504A,Innovacell Inc.,Growth,Pharmaceutical,-,False
505A.T,505A,"Geekly,Inc.",Standard,Services,-,False
5071.T,5071,VIS co.ltd.,Standard,Services,-,False
5074.T,5074,"TESS Holdings Co.,Ltd.",Prime,Construction,TOPIX Small 2,True
5076.T,5076,INFRONEER Holdings Inc.,Prime,Construction,TOPIX Mid400,True
5078.T,5078,CEL Corporation,Standard,Construction,-,False
5079.T,5079,"NOVAC CO.,LTD.",Standard,Construction,-,False
5101.T,5101,"The Yokohama Rubber Company,Limited",Prime,Rubber Products,TOPIX Mid400,True
5105.T,5105,Toyo Tire Corporation,Prime,Rubber Products,TOPIX Mid400,True
5108.T,5108,BRIDGESTONE CORPORATION,Prime,Rubber Products,TOPIX Large70,True
5110.T,5110,"Sumitomo Rubber Industries,Ltd.",Prime,Rubber Products,TOPIX Mid400,True
5121.T,5121,FUJIKURA COMPOSITES Inc.,Prime,Rubber Products,TOPIX Small 2,True
5122.T,5122,"OKAMOTO INDUSTRIES,INC.",Prime,Rubber Products,TOPIX Small 2,True
5125.T,5125,Fines inc.,Growth,Information & Communication,-,False
5126.T,5126,PORTERS CORPORATION,Growth,Information & Communication,-,False
5129.T,5129,FIXER Inc.,Growth,Information & Communication,-,False
5131.T,5131,Linkers Corporation,Growth,Information & Communication,-,False
5132.T,5132,"pluszero,Inc.",Growth,Information & Communication,-,False
5133.T,5133,Terilogy Holdings Corporation,Standard,Information & Communication,-,False
5134.T,5134,"POPER Co.,Ltd.",Growth,Information & Communication,-,False
5136.T,5136,"tripla Co.,Ltd.",Growth,Information & Communication,-,False
5137.T,5137,SmartDrive inc.,Growth,Information & Communication,-,False
5138.T,5138,"Rebase,Inc.",Growth,Information & Communication,-,False
5139.T,5139,OpenWork Inc.,Growth,Information & Communication,-,False
5142.T,5142,Achilles Corporation,Prime,Chemicals,TOPIX Small 2,True
5161.T,5161,"NISHIKAWA RUBBER CO.,LTD.",Standard,Rubber Products,-,False
5162.T,5162,ASAHI RUBBER INC.,Standard,Rubber Products,-,False
5184.T,5184,"NICHIRIN CO.,LTD.",Standard,Rubber Products,-,False
5185.T,5185,"Fukoku Co.,Ltd.",Prime,Rubber Products,TOPIX Small 2,True
5186.T,5186,Nitta Corporation,Prime,Rubber Products,TOPIX Small 2,True
5187.T,5187,"CREATE MEDIC CO.,LTD.",Standard,Precision Instruments,-,False
5189.T,5189,"SAKURA RUBBER CO.,LTD.",Standard,Rubber Products,-,False
5192.T,5192,Mitsuboshi Belting Ltd.,Prime,Rubber Products,TOPIX Small 1,True
5194.T,5194,"SAGAMI RUBBER INDUSTRIES CO.,LTD.",Standard,Rubber Products,-,False
5195.T,5195,"Bando Chemical Industries,Ltd.",Prime,Rubber Products,TOPIX Small 2,True
5199.T,5199,"FUJI LATEX CO.,LTD.",Standard,Rubber Products,-,False
519A.T,519A,Basic Inc.,Growth,Information & Communication,-,False
5201.T,5201,AGC Inc.,Prime,Glass and Ceramics Products,TOPIX Mid400,True
5202.T,5202,"Nippon Sheet Glass Company,Limited",Prime,Glass and Ceramics Products,TOPIX Small 1,True
5204.T,5204,"ISHIZUKA GLASS CO.,LTD.",Standard,Glass and Ceramics Products,-,False
5208.T,5208,"Arisawa Mfg.Co.,Ltd.",Prime,Chemicals,TOPIX Small 1,True
520A.T,520A,"J-Pharma Co.,Ltd.",Growth,Pharmaceutical,-,False
5210.T,5210,"Nihon Yamamura Glass Co.,Ltd.",Standard,Glass and Ceramics Products,-,False
5214.T,5214,"Nippon Electric Glass Co.,Ltd.",Prime,Glass and Ceramics Products,TOPIX Mid400,True
5216.T,5216,"KURAMOTO CO.,LTD.",Standard,Glass and Ceramics Products,-,False
5218.T,5218,OHARA INC.,Standard,Glass and Ceramics Products,TOPIX Small 2,False
5232.T,5232,"Sumitomo Osaka Cement Co.,Ltd.",Prime,Glass and Ceramics Products,TOPIX Mid400,True
5233.T,5233,TAIHEIYO CEMENT CORPORATION,Prime,Glass and Ceramics Products,TOPIX Mid400,True
5237.T,5237,NOZAWA CORPORATION,Standard,Glass and Ceramics Products,-,False
523A.T,523A,"SEIWA HOLDINGS Co.,Ltd.",Growth,Metal Products,-,False
5240.T,5240,"monoAI technology Co.,Ltd.",Growth,Information & Communication,-,False
5242.T,5242,"EYEZ,INC.",Growth,Information & Communication,-,False
5243.T,5243,note inc.,Growth,Information & Communication,-,False
5244.T,5244,"jig.jp co.,ltd.",Growth,Information & Communication,-,False
5246.T,5246,"ELEMENTS,Inc.",Growth,Information & Communication,-,False
5247.T,5247,"BTM,Inc.",Growth,Information & Communication,-,False
5248.T,5248,"TECHNOLOGIES,Inc.",Growth,Information & Communication,-,False
5250.T,5250,"GMO PRIME STRATEGY CO.,LTD.",Standard,Information & Communication,-,False
5252.T,5252,"Nihon Knowledge Co,Ltd.",Growth,Information & Communication,-,False
5253.T,5253,COVER Corporation,Growth,Information & Communication,-,False
5254.T,5254,Arent Inc.,Growth,Information & Communication,-,False
5255.T,5255,Monstarlab Inc.,Growth,Information & Communication,-,False
5256.T,5256,"Fusic Co.,Ltd.",Growth,Information & Communication,-,False
5257.T,5257,"NOVA SYSTEM CO.,LTD.",Standard,Information & Communication,-,False
5258.T,5258,Transaction Media Networks Inc.,Growth,Information & Communication,-,False
5261.T,5261,"RESOL HOLDINGS Co.,Ltd.",Prime,Services,-,True
5262.T,5262,Nippon Hume Corporation,Prime,Glass and Ceramics Products,TOPIX Small 1,True
5268.T,5268,"ASAHI CONCRETE WORKS CO.,LTD.",Standard,Glass and Ceramics Products,-,False
5269.T,5269,"NIPPON CONCRETE INDUSTRIES CO.,LTD.",Prime,Glass and Ceramics Products,TOPIX Small 2,True
5271.T,5271,"TOYO ASANO FOUNDATION CO.,LTD.",Standard,Glass and Ceramics Products,-,False
5273.T,5273,"MITANI SEKISAN CO.,LTD.",Standard,Glass and Ceramics Products,TOPIX Small 2,False
5279.T,5279,"NIHON KOGYO CO.,LTD.",Standard,Glass and Ceramics Products,-,False
5280.T,5280,"Yoshicon Co.,Ltd.",Standard,Real Estate,-,False
5282.T,5282,GEOSTR Corporation,Standard,Glass and Ceramics Products,-,False
5283.T,5283,"TAKAMISAWA CO.,LTD.",Standard,Wholesale Trade,-,False
5284.T,5284,"YAMAU HOLDINGS CO.,LTD.",Standard,Glass and Ceramics Products,-,False
5285.T,5285,YAMAX Corp.,Standard,Glass and Ceramics Products,-,False
5287.T,5287,"ITO YOGYO CO.,LTD.",Standard,Glass and Ceramics Products,-,False
5288.T,5288,ASIA PILE HOLDINGS CORPORATION,Prime,Glass and Ceramics Products,TOPIX Small 2,True
5290.T,5290,Vertex Corporation,Standard,Glass and Ceramics Products,-,False
5301.T,5301,"TOKAI CARBON CO.,LTD.",Prime,Glass and Ceramics Products,TOPIX Mid400,True
5302.T,5302,"Nippon Carbon Co.,Ltd.",Prime,Glass and Ceramics Products,TOPIX Small 1,True
5304.T,5304,"SEC CARBON,LIMITED",Standard,Glass and Ceramics Products,-,False
5310.T,5310,"TOYO TANSO CO.,LTD.",Prime,Glass and Ceramics Products,TOPIX Small 1,True
5331.T,5331,"NORITAKE CO.,LIMITED",Prime,Glass and Ceramics Products,TOPIX Small 1,True
5332.T,5332,TOTO LTD.,Prime,Glass and Ceramics Products,TOPIX Mid400,True
5333.T,5333,NGK Corporation,Prime,Glass and Ceramics Products,TOPIX Mid400,True
5334.T,5334,"Niterra Co.,Ltd.",Prime,Glass and Ceramics Products,TOPIX Mid400,True
5337.T,5337,DANTO HOLDINGS CORPORATION,Standard,Glass and Ceramics Products,-,False
5341.T,5341,"ASAHI EITO HOLDINGS CO.,LTD.",Standard,Glass and Ceramics Products,-,False
5344.T,5344,"MARUWA CO.,LTD.",Prime,Glass and Ceramics Products,TOPIX Mid400,True
5351.T,5351,"SHINAGAWA REFRA CO.,LTD.",Prime,Glass and Ceramics Products,TOPIX Small 1,True
5355.T,5355,"Nippon Crucible Co.,Ltd.",Standard,Glass and Ceramics Products,-,False
5356.T,5356,"MINO CERAMIC CO.,LTD.",Standard,Glass and Ceramics Products,-,False
5357.T,5357,"YOTAI REFRACTORIES CO.,LTD.",Prime,Glass and Ceramics Products,TOPIX Small 2,True
5363.T,5363,TYK CORPORATION,Standard,Glass and Ceramics Products,-,False
5367.T,5367,NIKKATO CORPORATION,Standard,Glass and Ceramics Products,-,False
5368.T,5368,"JAPAN INSULATION CO.,LTD.",Standard,Glass and Ceramics Products,-,False
5380.T,5380,SHINTO COMPANY LIMITED,Standard,Glass and Ceramics Products,-,False
5381.T,5381,Mipox Corporation,Standard,Glass and Ceramics Products,-,False
5384.T,5384,FUJIMI INCORPORATED,Prime,Glass and Ceramics Products,TOPIX Small 1,True
5388.T,5388,"KUNIMINE INDUSTRIES CO.,LTD.",Standard,Glass and Ceramics Products,-,False
5391.T,5391,A&A Material Corporation,Standard,Glass and Ceramics Products,-,False
5393.T,5393,NICHIAS CORPORATION,Prime,Glass and Ceramics Products,TOPIX Mid400,True
5401.T,5401,NIPPON STEEL CORPORATION,Prime,Iron and Steel,TOPIX Large70,True
5406.T,5406,"Kobe Steel,Ltd.",Prime,Iron and Steel,TOPIX Mid400,True
5408.T,5408,"NAKAYAMA STEEL WORKS,LTD.",Prime,Iron and Steel,TOPIX Small 2,True
5410.T,5410,"Godo Steel,Ltd.",Prime,Iron and Steel,TOPIX Small 1,True
5411.T,5411,"JFE Holdings,Inc.",Prime,Iron and Steel,TOPIX Mid400,True
5423.T,5423,"TOKYO STEEL MANUFACTURING CO.,LTD.",Prime,Iron and Steel,TOPIX Small 1,True
542A.T,542A,Vitabrid Japan Inc.,Growth,Chemicals,-,False
543A.T,543A,ARCHION Corporation,Prime,Transportation Equipment,TOPIX Small 1,True
5440.T,5440,KYOEI STEEL LTD.,Prime,Iron and Steel,TOPIX Small 1,True
5444.T,5444,"YAMATO KOGYO CO.,LTD.",Prime,Iron and Steel,TOPIX Mid400,True
5445.T,5445,"TOKYO TEKKO CO.,LTD.",Prime,Iron and Steel,TOPIX Small 1,True
5446.T,5446,"HOKUETSU METAL Co.,Ltd.",Standard,Iron and Steel,-,False
5449.T,5449,"OSAKA STEEL CO.,LTD.",Standard,Iron and Steel,TOPIX Small 2,False
544A.T,544A,"GMS Group Co.,Ltd.",Prime,Machinery,TOPIX Small 2,True
5451.T,5451,"YODOKO,Ltd.",Prime,Iron and Steel,TOPIX Small 1,True
5458.T,5458,TAKASAGO TEKKO K.K.,Standard,Iron and Steel,-,False
545A.T,545A,"Toranvia Co.,Ltd.",Prime,Information & Communication,TOPIX Small 2,True
5461.T,5461,"Chubu Steel Plate Co.,Ltd.",Prime,Iron and Steel,TOPIX Small 1,True
5463.T,5463,Maruichi Steel Tube Ltd.,Prime,Iron and Steel,TOPIX Mid400,True
5464.T,5464,MORY INDUSTRIES INC.,Standard,Iron and Steel,TOPIX Small 2,False
546A.T,546A,"MIRAINI HOLDINGS CO.,LTD.",Prime,Wholesale Trade,TOPIX Small 2,True
5471.T,5471,"Daido Steel Co.,Ltd.",Prime,Iron and Steel,TOPIX Mid400,True
547A.T,547A,Muninova Holdings Inc.,Prime,Other Financing Business,TOPIX Small 1,True
5480.T,5480,"Nippon Yakin kogyo Co.,Ltd.",Prime,Iron and Steel,TOPIX Small 1,True
5482.T,5482,AICHI STEEL CORPORATION,Prime,Iron and Steel,TOPIX Small 1,True
5484.T,5484,"Tohoku Steel Co.,Ltd.",Standard,Iron and Steel,-,False
548A.T,548A,"SystemEXE,Inc.",Standard,Information & Communication,-,False
5491.T,5491,"NIPPON KINZOKU CO.,LTD.",Standard,Iron and Steel,-,False
549A.T,549A,"HITO-TO-HITO Holdings Co.,Ltd.",Standard,Services,-,False
550A.T,550A,"SOFTTEX Co.,Ltd.",Standard,Information & Communication,-,False
5527.T,5527,property technologies Inc.,Growth,Real Estate,-,False
5532.T,5532,REALGATE INC.,Growth,Real Estate,-,False
5533.T,5533,"Elitz Holdings Co.,Ltd.",Standard,Real Estate,-,False
5535.T,5535,MIGALO HOLDINGS Inc.,Prime,Real Estate,-,True
5537.T,5537,"AlbaLink Co.,Ltd.",Growth,Real Estate,-,False
5541.T,5541,"PACIFIC METALS CO.,LTD.",Prime,Iron and Steel,TOPIX Small 2,True
5542.T,5542,Shinhokoku Material Corp.,Standard,Iron and Steel,-,False
554A.T,554A,"Batonz.Co.,Ltd.",Growth,Information & Communication,-,False
5563.T,5563,"Nippon Denko Co.,Ltd.",Prime,Iron and Steel,TOPIX Small 1,True
556A.T,556A,"INUNEKO-SEIKATSU Co.,Ltd.",Growth,Retail Trade,-,False
5570.T,5570,"JENOBA CO.,LTD.",Growth,Information & Communication,-,False
5571.T,5571,"Excite Holdings Co.,Ltd.",Standard,Information & Communication,-,False
5572.T,5572,Ridge-i Inc.,Growth,Information & Communication,-,False
5574.T,5574,"ABEJA,Inc.",Growth,Information & Communication,-,False
5575.T,5575,Globee Inc.,Growth,Information & Communication,-,False
5576.T,5576,O.B.System Inc.,Standard,Information & Communication,-,False
5578.T,5578,"AR advanced technology,Inc.",Growth,Information & Communication,-,False
5580.T,5580,"Prodelight Co.,Ltd.",Growth,Information & Communication,-,False
5582.T,5582,GRID Inc.,Growth,Information & Communication,-,False
5586.T,5586,Laboro.AI Inc.,Growth,Information & Communication,-,False
5587.T,5587,Inbound Platform Corp.,Growth,Information & Communication,-,False
5588.T,5588,"Fast Accounting Co.,Ltd.",Growth,Information & Communication,-,False
5589.T,5589,"AUTOSERVER CO.,LTD.",Standard,Information & Communication,-,False
558A.T,558A,SQUEEZE Inc.,Growth,Services,-,False
5590.T,5590,"NETSTARS Co.,Ltd.",Growth,Information & Communication,-,False
5591.T,5591,AVILEN Inc.,Growth,Information & Communication,-,False
5592.T,5592,"Kusurinomadoguchi,Inc.",Growth,Information & Communication,-,False
5597.T,5597,"Blue innovation Co.,Ltd.",Growth,Information & Communication,-,False
5599.T,5599,S&J Corporation,Growth,Information & Communication,-,False
559A.T,559A,"UMENOYADO BREWERY CO.,LTD.",Standard,Foods,-,False
5602.T,5602,"Kurimoto,Ltd.",Prime,Iron and Steel,TOPIX Small 1,True
5603.T,5603,KOGI CORPORATION,Standard,Iron and Steel,-,False
5609.T,5609,NIPPON CHUZO K.K.,Standard,Iron and Steel,-,False
5612.T,5612,NIPPON CHUTETSUKAN K.K.,Standard,Iron and Steel,-,False
5616.T,5616,"Ame Kaze Taiyo,Inc.",Growth,Information & Communication,-,False
5618.T,5618,Nyle Inc.,Growth,Information & Communication,-,False
5619.T,5619,"MRSO.,Inc",Growth,Information & Communication,-,False
5621.T,5621,"Human Technologies,Inc.",Growth,Information & Communication,-,False
5631.T,5631,"The Japan Steel Works,Ltd.",Prime,Machinery,TOPIX Mid400,True
5632.T,5632,"Mitsubishi Steel Mfg.Co.,Ltd.",Prime,Iron and Steel,TOPIX Small 2,True
5644.T,5644,METALART CORPORATION,Standard,Iron and Steel,-,False
5658.T,5658,"NICHIA STEEL WORKS,LTD.",Standard,Iron and Steel,-,False
5659.T,5659,"Nippon Seisen Co.,Ltd.",Prime,Iron and Steel,TOPIX Small 2,True
5695.T,5695,"Powdertech Co.,Ltd.",Standard,Iron and Steel,-,False
5697.T,5697,"SANYU CO.,LTD.",Standard,Iron and Steel,-,False
5698.T,5698,ENVIPRO HOLDINGS Inc.,Standard,Iron and Steel,TOPIX Small 2,False
5699.T,5699,"IBOKIN Co.,Ltd.",Standard,Iron and Steel,-,False
5702.T,5702,"DAIKI ALUMINIUM INDUSTRY CO.,LTD.",Prime,Nonferrous Metals,TOPIX Small 1,True
5703.T,5703,"Nippon Light Metal Holdings Company,Ltd.",Prime,Nonferrous Metals,TOPIX Small 1,True
5704.T,5704,JMC Corporation,Standard,Nonferrous Metals,-,False
5706.T,5706,"Mitsui Kinzoku Company,Limited",Prime,Nonferrous Metals,TOPIX Mid400,True
5707.T,5707,"Toho Zinc Co.,Ltd.",Prime,Nonferrous Metals,TOPIX Small 2,True
5711.T,5711,Mitsubishi Materials Corporation,Prime,Nonferrous Metals,TOPIX Mid400,True
5713.T,5713,"Sumitomo Metal Mining Co.,Ltd.",Prime,Nonferrous Metals,TOPIX Mid400,True
5714.T,5714,"DOWA HOLDINGS CO.,LTD.",Prime,Nonferrous Metals,TOPIX Mid400,True
5715.T,5715,"FURUKAWA CO.,LTD.",Prime,Nonferrous Metals,TOPIX Small 1,True
5721.T,5721,S Crypto Energy Inc.,Standard,Nonferrous Metals,-,False
5724.T,5724,"Asaka Riken Co.,Ltd.",Standard,Nonferrous Metals,-,False
5726.T,5726,"OSAKA Titanium technologies Co.,Ltd.",Prime,Nonferrous Metals,TOPIX Small 1,True
5729.T,5729,"NIHON SEIKO CO.,LTD",Standard,Nonferrous Metals,-,False
5741.T,5741,UACJ Corporation,Prime,Nonferrous Metals,TOPIX Small 1,True
5742.T,5742,"NIC Autotec,Inc.",Standard,Nonferrous Metals,-,False
5753.T,5753,"NIPPON SHINDO CO.,LTD.",Standard,Nonferrous Metals,-,False
5757.T,5757,"CK SAN-ETSU Co.,Ltd.",Prime,Nonferrous Metals,TOPIX Small 2,True
575A.T,575A,"MAEZAWA Holdings CO.,LTD.",Prime,Machinery,TOPIX Small 2,True
5801.T,5801,"Furukawa Electric Co.,Ltd.",Prime,Nonferrous Metals,TOPIX Mid400,True
5802.T,5802,"Sumitomo Electric Industries,Ltd.",Prime,Nonferrous Metals,TOPIX Large70,True
5803.T,5803,Fujikura Ltd.,Prime,Nonferrous Metals,TOPIX Large70,True
5805.T,5805,SWCC Corporation,Prime,Nonferrous Metals,TOPIX Small 1,True
5816.T,5816,"Onamba Co.,Ltd.",Standard,Nonferrous Metals,-,False
5817.T,5817,"JMACS Japan Co.,Ltd.",Standard,Nonferrous Metals,-,False
5819.T,5819,"Canare Electric Co.,Ltd.",Standard,Nonferrous Metals,-,False
581A.T,581A,GO Inc.,Growth,Information & Communication,-,False
5820.T,5820,"MITSUBOSHI CO.,LTD.",Standard,Nonferrous Metals,-,False
5821.T,5821,HIRAKAWA HEWTECH CORP.,Prime,Nonferrous Metals,TOPIX Small 2,True
5830.T,5830,"Iyogin Holdings,Inc.",Prime,Banks,TOPIX Mid400,True
5831.T,5831,"Shizuoka Financial Group,Inc.",Prime,Banks,TOPIX Mid400,True
5832.T,5832,"Chugin Financial Group,Inc.",Prime,Banks,TOPIX Mid400,True
5834.T,5834,"SBI Leasing Services Co.,Ltd.",Growth,Securities and Commodities Futures,-,False
5838.T,5838,"Rakuten Bank,Ltd.",Prime,Banks,TOPIX Mid400,True
5842.T,5842,Integral Corporation,Growth,Securities and Commodities Futures,-,False
5843.T,5843,"Nippon Insure Co.,Ltd.",Standard,Other Financing Business,-,False
5844.T,5844,"Kyoto Financial Group,Inc.",Prime,Banks,TOPIX Mid400,True
5845.T,5845,"ZENHOREN CO.,LTD.",Standard,Other Financing Business,-,False
584A.T,584A,"LiNKX,Inc.",Growth,Information & Communication,-,False
5851.T,5851,RYOBI LIMITED,Prime,Nonferrous Metals,TOPIX Small 1,True
5852.T,5852,AHRESTY CORPORATION,Prime,Nonferrous Metals,-,True
5857.T,5857,"ARE Holdings,Inc.",Prime,Nonferrous Metals,TOPIX Small 1,True
5858.T,5858,"STG CO.,LTD.",Growth,Nonferrous Metals,-,False
5867.T,5867,"ES NETWORKS CO.,LTD.",Growth,Services,-,False
5868.T,5868,Rococo Co.Ltd.,Standard,Services,-,False
5869.T,5869,"WASEDA GAKUSHUKENKYUKAI CO.,LTD.",Standard,Services,-,False
5870.T,5870,Nalnet Communications Inc.,Growth,Services,-,False
5871.T,5871,SOLIZE Holdings Corporation,Standard,Services,-,False
5884.T,5884,"KURADASHI.Co.,Ltd.",Growth,Retail Trade,-,False
5885.T,5885,"GDEP ADVANCE,Inc.",Standard,Wholesale Trade,-,False
5888.T,5888,"DAIWA CYCLE CO.,LTD.",Growth,Retail Trade,-,False
5889.T,5889,"Japan Eyewear Holdings Co.,Ltd.",Prime,Retail Trade,TOPIX Small 2,True
5891.T,5891,"SAKIGAKE Holdings Co.,Ltd.",Standard,Retail Trade,-,False
5892.T,5892,"yutori,Inc.",Growth,Retail Trade,-,False
589A.T,589A,"NEIS Co.,Ltd.",Growth,Services,-,False
5900.T,5900,"DAIKEN CO.,LTD.",Standard,Metal Products,-,False
5901.T,5901,"Toyo Seikan Group Holdings,Ltd.",Prime,Metal Products,TOPIX Mid400,True
5902.T,5902,HOKKAN HOLDINGS LIMITED,Prime,Metal Products,TOPIX Small 2,True
5905.T,5905,NIHON SEIKAN K.K.,Standard,Metal Products,-,False
5906.T,5906,"MK SEIKO CO.,LTD.",Standard,Metal Products,-,False
5909.T,5909,CORONA CORPORATION,Standard,Metal Products,TOPIX Small 2,False
590A.T,590A,"giftee Group,Inc.",Prime,Information & Communication,TOPIX Small 2,True
5911.T,5911,Yokogawa Bridge Holdings Corp.,Prime,Metal Products,TOPIX Small 1,True
5915.T,5915,KOMAIHALTEC Inc.,Standard,Metal Products,-,False
5918.T,5918,"The Takigami Steel Construction Co.,Ltd.",Standard,Metal Products,-,False
5921.T,5921,"Kawagishi Bridge Works Co.,Ltd.",Standard,Metal Products,-,False
5922.T,5922,"NASU DENKI-TEKKO CO.,LTD.",Standard,Metal Products,-,False
5923.T,5923,"TAKADAKIKO(Steel Construction)CO.,LTD.",Standard,Metal Products,-,False
5928.T,5928,"ALMETAX MANUFACTURING CO,LTD.",Standard,Metal Products,-,False
5929.T,5929,Sanwa Holdings Corporation,Prime,Metal Products,TOPIX Mid400,True
5930.T,5930,"Bunka Shutter Co.,Ltd.",Prime,Metal Products,TOPIX Small 1,True
5932.T,5932,"Sankyo Tateyama,Inc.",Prime,Metal Products,TOPIX Small 2,True
5933.T,5933,ALINCO INCORPORATED,Prime,Metal Products,TOPIX Small 2,True
5936.T,5936,"TOYO SHUTTER CO.,LTD.",Standard,Metal Products,-,False
5938.T,5938,LIXIL Corporation,Prime,Metal Products,TOPIX Mid400,True
5939.T,5939,"OTANI KOGYO CO.,LTD.",Standard,Metal Products,-,False
593A.T,593A,"TIER IV,Inc.",Growth,Information & Communication,-,False
5940.T,5940,"FUJISASH CO.,LTD.",Standard,Metal Products,-,False
5941.T,5941,"NAKANISHI MFG. CO.,LTD.",Standard,Metal Products,-,False
5942.T,5942,"NIPPON FILCON CO.,LTD.",Standard,Metal Products,-,False
5943.T,5943,NORITZ CORPORATION,Prime,Metal Products,TOPIX Small 1,True
5945.T,5945,"Tenryu Saw Mfg.Co.,Ltd.",Standard,Metal Products,-,False
5946.T,5946,"CHOFU SEISAKUSHO CO.,LTD.",Prime,Metal Products,TOPIX Small 2,True
5947.T,5947,RINNAI CORPORATION,Prime,Metal Products,TOPIX Mid400,True
5949.T,5949,UNIPRES CORPORATION,Prime,Transportation Equipment,TOPIX Small 1,True
5950.T,5950,"JAPAN POWER FASTENING CO.,LTD.",Standard,Metal Products,-,False
5951.T,5951,"Dainichi Co.,Ltd.",Standard,Metal Products,-,False
5952.T,5952,Amatei Incorporated,Standard,Metal Products,-,False
5955.T,5955,"WISE HOLDINGS CO.,LTD.",Standard,Metal Products,-,False
5956.T,5956,"TOSO CO.,LTD.",Standard,Metal Products,-,False
5957.T,5957,"NITTOSEIKO CO.,LTD.",Prime,Metal Products,TOPIX Small 2,True
5958.T,5958,"SANYO INDUSTRIES,LTD.",Standard,Metal Products,-,False
5959.T,5959,"OKABE CO.,LTD.",Prime,Metal Products,TOPIX Small 2,True
5962.T,5962,"ASAKA INDUSTRIAL CO.,LTD.",Standard,Other Products,-,False
5965.T,5965,FUJIMAK CORPORATION,Standard,Metal Products,-,False
5966.T,5966,"KYOTO TOOL CO.,LTD.",Standard,Metal Products,-,False
5967.T,5967,"TONE CO.,LTD.",Standard,Metal Products,-,False
5969.T,5969,"LOBTEX Co.,Ltd.",Standard,Metal Products,-,False
5970.T,5970,G-TEKT CORPORATION,Prime,Metal Products,TOPIX Small 1,True
5971.T,5971,"KYOWAKOGYOSYO CO.,LTD.",Standard,Metal Products,-,False
5973.T,5973,TOAMI CORPORATION,Standard,Metal Products,-,False
5974.T,5974,"CHUGOKUKOGYO CO.,LTD.",Standard,Metal Products,-,False
5975.T,5975,Topre Corporation,Prime,Metal Products,TOPIX Small 1,True
5976.T,5976,"Neturen Co.,Ltd.",Prime,Metal Products,TOPIX Small 2,True
5981.T,5981,"TOKYO ROPE MFG.CO.,LTD",Prime,Metal Products,TOPIX Small 2,True
5982.T,5982,"MARUZEN CO.,LTD.",Standard,Metal Products,-,False
5983.T,5983,IWABUCHI CORPORATION,Standard,Metal Products,-,False
5984.T,5984,KANEFUSA CORPORATION,Standard,Metal Products,-,False
5985.T,5985,SUNCALL CORPORATION,Standard,Metal Products,TOPIX Small 2,False
5986.T,5986,"MOLITEC STEEL CO.,LTD.",Standard,Metal Products,-,False
5987.T,5987,ONEX Corporation,Standard,Metal Products,-,False
5988.T,5988,"PIOLAX,INC.",Prime,Metal Products,TOPIX Small 1,True
5989.T,5989,"H-ONE CO.,LTD.",Prime,Metal Products,TOPIX Small 2,True
598A.T,598A,"ChatPlus Co.,Ltd.",Growth,Information & Communication,-,False
5990.T,5990,"SUPER TOOL CO.,LTD.",Standard,Metal Products,-,False
5991.T,5991,"NHK SPRING CO.,LTD.",Prime,Metal Products,TOPIX Mid400,True
5992.T,5992,"CHUO SPRING CO.,LTD.",Standard,Metal Products,TOPIX Small 2,False
5994.T,5994,"FINE SINTER CO.,LTD.",Standard,Metal Products,-,False
5997.T,5997,KYORITSU AIR TECH INC.,Standard,Metal Products,-,False
5998.T,5998,Advanex Inc.,Standard,Metal Products,-,False
6005.T,6005,"MIURA CO.,LTD.",Prime,Machinery,TOPIX Mid400,True
6013.T,6013,"TAKUMA CO.,LTD.",Prime,Machinery,TOPIX Small 1,True
6016.T,6016,Japan Engine Corporation,Standard,Transportation Equipment,-,False
6018.T,6018,"THE HANSHIN DIESEL WORKS,LTD.",Standard,Transportation Equipment,-,False
6022.T,6022,Akasaka Diesels Ltd.,Standard,Machinery,-,False
6023.T,6023,"DAIHATSU INFINEARTH MFG.CO.,LTD.",Standard,Transportation Equipment,-,False
6027.T,6027,"Bengo4.com,Inc.",Prime,Services,TOPIX Small 2,True
6029.T,6029,Artra Group Corporation,Standard,Services,-,False
6030.T,6030,"Adventure,Inc.",Growth,Services,-,False
6031.T,6031,ZETA INC.,Growth,Services,-,False
6033.T,6033,"EXTREME CO.,LTD.",Growth,Services,-,False
6034.T,6034,MRT Inc.,Growth,Services,-,False
6035.T,6035,"IR Japan Holdings,Ltd.",Standard,Services,TOPIX Small 2,False
6036.T,6036,"KeePer Technical Laboratory Co.,Ltd.",Prime,Services,TOPIX Small 1,True
6037.T,6037,"RAKUMACHI,INC.",Standard,Services,-,False
6038.T,6038,"IID,Inc.",Growth,Services,-,False
6039.T,6039,"Japan Animal Referral Medical Center Co.,Ltd.",Growth,Services,-,False
603A.T,603A,i GRID SOLUTIONS Inc.,Growth,Electric Power and Gas,-,False
6040.T,6040,"Nippon Ski Resort Development Co.,Ltd.",Growth,Services,-,False
6042.T,6042,"NIKKI CO.,LTD.",Standard,Transportation Equipment,-,False
6044.T,6044,SANKI SERVICE CORPORATION,Standard,Services,-,False
6045.T,6045,"Rentracks CO.,LTD.",Growth,Services,-,False
6046.T,6046,LINKBAL INC.,Standard,Services,-,False
6047.T,6047,Gunosy Inc.,Standard,Services,TOPIX Small 2,False
6049.T,6049,ItoKuro Inc.,Growth,Services,-,False
604A.T,604A,"beABLE CO.,LTD.",Standard,Construction,-,False
6050.T,6050,E-Guardian Inc.,Prime,Services,TOPIX Small 2,True
6054.T,6054,Livesense Inc.,Standard,Services,-,False
6055.T,6055,"JAPAN MATERIAL Co.,Ltd.",Prime,Services,TOPIX Small 1,True
6058.T,6058,VECTOR INC.,Prime,Services,TOPIX Small 2,True
6059.T,6059,"UCHIYAMA HOLDINGS Co.,Ltd.",Standard,Services,-,False
6061.T,6061,"UNIVERSAL ENGEISHA CO.,LTD",Standard,Services,-,False
6062.T,6062,CHARM CARE CORPORATION,Prime,Services,TOPIX Small 2,True
6063.T,6063,"Emergency Assistance Japan Co., Ltd.",Standard,Services,-,False
6069.T,6069,"Trenders,Inc.",Growth,Services,-,False
6070.T,6070,"CAREERLINK CO.,LTD.",Prime,Services,TOPIX Small 2,True
6071.T,6071,"IBJ,Inc.",Prime,Services,TOPIX Small 2,True
6072.T,6072,"Jibannet Holdings Co.,Ltd.",Standard,Services,-,False
6073.T,6073,ASANTE INCORPORATED,Prime,Services,TOPIX Small 2,True
6074.T,6074,JSS CORPORATION,Standard,Services,-,False
6078.T,6078,"Value HR Co.,Ltd.",Prime,Services,TOPIX Small 2,True
607A.T,607A,"every,Inc.",Growth,Services,-,False
6080.T,6080,"M&A Capital Partners Co.,Ltd.",Prime,Services,TOPIX Small 1,True
6081.T,6081,"Allied Architects,Inc.",Growth,Services,-,False
6082.T,6082,"RIDE ON EXPRESS HOLDINGS Co.,Ltd.",Standard,Services,TOPIX Small 2,False
6083.T,6083,"ERI HOLDINGS CO.,LTD.",Standard,Services,-,False
6085.T,6085,ARCHITECTS STUDIO JAPAN INC.,Growth,Services,-,False
6086.T,6086,"Shin Maint Holdings Co.,Ltd.",Growth,Services,-,False
6087.T,6087,"ABIST Co.,Ltd.",Standard,Services,-,False
6088.T,6088,SIGMAXYZ Holdings Inc.,Prime,Services,TOPIX Small 1,True
6089.T,6089,"WILL GROUP,INC.",Prime,Services,TOPIX Small 2,True
6090.T,6090,"Human Metabolome Technologies,Inc.",Standard,Services,-,False
6091.T,6091,Wesco Holdings Inc.,Standard,Services,-,False
6092.T,6092,"EnBio Holdings,Inc",Standard,Services,-,False
6093.T,6093,"MITRA Group,Inc.",Standard,Services,-,False
6094.T,6094,"FreakOut Holdings,inc.",Growth,Services,-,False
6098.T,6098,"Recruit Holdings Co.,Ltd.",Prime,Services,TOPIX Core30,True
6099.T,6099,ELAN Corporation,Prime,Services,TOPIX Small 2,True
6101.T,6101,TSUGAMI CORPORATION,Prime,Machinery,TOPIX Small 1,True
6103.T,6103,OKUMA Corporation,Prime,Machinery,TOPIX Small 1,True
6104.T,6104,"SHIBAURA MACHINE CO.,LTD.",Prime,Machinery,TOPIX Small 1,True
6113.T,6113,"AMADA CO.,LTD.",Prime,Machinery,TOPIX Mid400,True
6118.T,6118,"AIDA ENGINEERING,LTD.",Prime,Machinery,TOPIX Small 1,True
6125.T,6125,"OKAMOTO MACHINE TOOL WORKS,LTD.",Standard,Machinery,-,False
6134.T,6134,FUJI CORPORATION,Prime,Machinery,TOPIX Mid400,True
6135.T,6135,"Makino Milling Machine Co.,Ltd.",Prime,Machinery,TOPIX Small 1,True
6136.T,6136,OSG Corporation,Prime,Machinery,TOPIX Mid400,True
6137.T,6137,"KOIKE SANSO KOGYO CO.,LTD.",Standard,Machinery,-,False
6138.T,6138,"DIJET INDUSTRIAL CO.,LTD.",Standard,Machinery,-,False
6140.T,6140,"Asahi Diamond Industrial Co.,Ltd.",Prime,Machinery,TOPIX Small 1,True
6141.T,6141,"DMG MORI CO.,LTD.",Prime,Machinery,TOPIX Mid400,True
6143.T,6143,"Sodick Co.,Ltd.",Prime,Machinery,TOPIX Small 1,True
6144.T,6144,"Seibu Electric & Machinery Co.,Ltd.",Standard,Machinery,-,False
6145.T,6145,"NITTOKU CO.,LTD.",Standard,Machinery,-,False
6146.T,6146,DISCO CORPORATION,Prime,Machinery,TOPIX Large70,True
6147.T,6147,"YAMAZAKI CO.,LTD.",Standard,Machinery,-,False
6149.T,6149,"Odawara Engineering Co.,Ltd.",Standard,Machinery,-,False
6150.T,6150,"TAKEDA MACHINERY CO.,LTD.",Standard,Machinery,-,False
6151.T,6151,"NITTO KOHKI CO.,LTD.",Prime,Machinery,TOPIX Small 2,True
6155.T,6155,"TAKAMATSU MACHINERY CO.,LTD.",Standard,Machinery,-,False
6156.T,6156,A-ONE SEIMITSU INC.,Standard,Machinery,-,False
6157.T,6157,"NS TOOL CO.,LTD.",Standard,Machinery,TOPIX Small 2,False
6158.T,6158,"WAIDA MFG.CO.,LTD.",Standard,Machinery,-,False
6159.T,6159,"MICRON MACHINERY CO.,LTD.",Standard,Machinery,-,False
6161.T,6161,ESTIC CORPORATION,Standard,Machinery,-,False
6165.T,6165,"PUNCH INDUSTRY CO.,LTD.",Standard,Machinery,-,False
6166.T,6166,"NAKAMURA CHOUKOU CO.,LTD.",Growth,Machinery,-,False
6167.T,6167,"Fuji Die Co.,Ltd.",Prime,Machinery,TOPIX Small 2,True
6171.T,6171,C.E.Management Integrated Laboratory Co.Ltd,Standard,Services,-,False
6176.T,6176,Brangista Inc.,Standard,Services,-,False
6177.T,6177,AppBank Inc.,Growth,Services,-,False
6178.T,6178,"JAPAN POST HOLDINGS Co.,Ltd.",Prime,Services,TOPIX Large70,True
6180.T,6180,"GMO Media,Inc.",Growth,Services,-,False
6181.T,6181,Tameny Inc.,Growth,Services,-,False
6182.T,6182,MetaReal Corporation,Growth,Services,-,False
6183.T,6183,"BELLSYSTEM24 HOLDINGS,INC.",Prime,Services,TOPIX Small 2,True
6184.T,6184,"Kamakura Shinsho,Ltd.",Prime,Services,TOPIX Small 2,True
6185.T,6185,SMN Corporation,Standard,Services,-,False
6186.T,6186,"ICHIKURA CO.,LTD.",Standard,Services,-,False
6189.T,6189,Global Kids Company Corp.,Standard,Services,-,False
6190.T,6190,"PhoenixBio Co.,Ltd.",Growth,Services,-,False
6191.T,6191,AirTrip Corp.,Prime,Services,TOPIX Small 2,True
6193.T,6193,"Virtualex Holdings,Inc.",Growth,Services,-,False
6194.T,6194,"Atrae,Inc.",Prime,Services,TOPIX Small 2,True
6195.T,6195,"HOPE,INC.",Growth,Services,-,False
6196.T,6196,"Strike Group Co.,Ltd.",Prime,Services,TOPIX Small 1,True
6198.T,6198,"CAREER CO.,LTD.",Growth,Services,-,False
6199.T,6199,"SERAKU Co.,Ltd.",Standard,Information & Communication,TOPIX Small 2,False
6200.T,6200,"Insource Co.,Ltd.",Prime,Services,TOPIX Small 1,True
6203.T,6203,"Howa Machinery,Ltd.",Standard,Machinery,-,False
6208.T,6208,"Ishikawa Seisakusho,Ltd.",Standard,Machinery,-,False
6209.T,6209,NPR-RIKEN CORPORATION,Prime,Machinery,TOPIX Small 1,True
6217.T,6217,TSUDAKOMA Corp.,Standard,Machinery,-,False
6218.T,6218,ENSHU Limited,Standard,Machinery,-,False
6222.T,6222,"SHIMA SEIKI MFG.,LTD.",Prime,Machinery,TOPIX Small 1,True
6223.T,6223,"Seibu Giken Co.,Ltd.",Standard,Machinery,-,False
6224.T,6224,"JRC Co.,Ltd.",Growth,Machinery,-,False
6226.T,6226,"Moriya Transportation Engineering and Manufacturing Co.,Ltd.",Standard,Machinery,-,False
6227.T,6227,"AIMECHATEC,Ltd.",Standard,Machinery,-,False
6228.T,6228,"J.E.T.Co.,LTD.",Standard,Machinery,-,False
6229.T,6229,OKUMURA ENGINEERING corp.,Standard,Machinery,-,False
6230.T,6230,SANEI LTD.,Standard,Machinery,-,False
6231.T,6231,"KIMURA KOHKI Co.,Ltd.",Standard,Machinery,-,False
6232.T,6232,ACSL Ltd.,Growth,Machinery,-,False
6233.T,6233,KLASS Corporation,Standard,Machinery,-,False
6235.T,6235,"OPTORUN CO.,LTD.",Prime,Machinery,TOPIX Small 1,True
6237.T,6237,"IWAKI CO.,LTD.",Prime,Machinery,TOPIX Small 2,True
6238.T,6238,FURYU CORPORATION,Prime,Machinery,TOPIX Small 2,True
6239.T,6239,NAGAOKA INTERNATIONAL CORPORATION,Standard,Machinery,-,False
6240.T,6240,YAMASHIN-FILTER CORP.,Prime,Machinery,TOPIX Small 2,True
6245.T,6245,"HIRANO TECSEED CO.,LTD.",Standard,Machinery,-,False
6246.T,6246,Techno Smart Corp.,Standard,Machinery,-,False
6247.T,6247,"HISAKA WORKS,LTD.",Prime,Machinery,TOPIX Small 2,True
6248.T,6248,"Yokota Manufacturing Co., Ltd.",Standard,Machinery,-,False
6249.T,6249,"Gamecard Holdings,Inc.",Standard,Machinery,-,False
6250.T,6250,YAMABIKO CORPORATION,Prime,Machinery,TOPIX Small 1,True
6254.T,6254,"Nomura Micro Science Co.,Ltd.",Prime,Machinery,TOPIX Small 1,True
6255.T,6255,NPC Incorporated,Growth,Machinery,-,False
6257.T,6257,"FUJISHOJI CO.,LTD.",Standard,Machinery,-,False
6258.T,6258,HIRATA Corporation,Prime,Machinery,TOPIX Small 1,True
6262.T,6262,"PEGASUS CO.,LTD.",Standard,Machinery,TOPIX Small 2,False
6264.T,6264,"Marumae Co.,Ltd.",Prime,Machinery,TOPIX Small 2,True
6265.T,6265,CONVUM Ltd.,Standard,Machinery,-,False
6266.T,6266,"TAZMO CO.,LTD.",Prime,Machinery,TOPIX Small 2,True
6267.T,6267,"GENERAL PACKER CO.,LTD.",Standard,Machinery,-,False
6268.T,6268,Nabtesco Corporation,Prime,Machinery,TOPIX Mid400,True
6269.T,6269,"MODEC,INC.",Prime,Machinery,TOPIX Mid400,True
6272.T,6272,"RHEON AUTOMATIC MACHINERY CO.,LTD.",Prime,Machinery,TOPIX Small 2,True
6273.T,6273,SMC CORPORATION,Prime,Machinery,TOPIX Large70,True
6276.T,6276,"SiriusVision CO.,LTD.",Standard,Electric Appliances,-,False
6277.T,6277,HOSOKAWA MICRON CORPORATION,Prime,Machinery,TOPIX Small 1,True
6278.T,6278,UNION TOOL CO.,Prime,Machinery,TOPIX Small 1,True
6279.T,6279,ZUIKO CORPORATION,Prime,Machinery,TOPIX Small 2,True
6282.T,6282,OILES CORPORATION,Prime,Machinery,TOPIX Small 1,True
6284.T,6284,"NISSEI ASB MACHINE CO.,LTD.",Prime,Machinery,TOPIX Small 1,True
6286.T,6286,SEIKO CORPORATION,Standard,Machinery,-,False
6287.T,6287,SATO CORPORATION,Prime,Machinery,TOPIX Small 1,True
6289.T,6289,GIKEN LTD.,Prime,Machinery,TOPIX Small 2,True
6291.T,6291,"AIRTECH JAPAN,LTD.",Standard,Machinery,TOPIX Small 2,False
6292.T,6292,"KAWATA MFG. CO.,LTD.",Standard,Machinery,-,False
6294.T,6294,OKADA AIYON CORPORATION,Prime,Machinery,-,True
6298.T,6298,"Y.A.C.HOLDINGS CO.,LTD.",Prime,Machinery,TOPIX Small 2,True
6301.T,6301,KOMATSU LTD.,Prime,Machinery,TOPIX Large70,True
6302.T,6302,"SUMITOMO HEAVY INDUSTRIES,LTD.",Prime,Machinery,TOPIX Mid400,True
6305.T,6305,"Hitachi Construction Machinery Co.,Ltd.",Prime,Machinery,TOPIX Mid400,True
6306.T,6306,"NIKKO CO.,LTD.",Prime,Machinery,TOPIX Small 2,True
6307.T,6307,"SANSEI CO.,LTD.",Standard,Machinery,-,False
6309.T,6309,"TOMOE ENGINEERING CO.,LTD.(TOMOE KOGYO CO.,LTD.)",Prime,Machinery,TOPIX Small 2,True
6310.T,6310,"ISEKI & CO.,LTD.",Prime,Machinery,TOPIX Small 2,True
6315.T,6315,TOWA CORPORATION,Prime,Machinery,TOPIX Small 1,True
6316.T,6316,"MARUYAMA MFG.CO.,INC.",Standard,Machinery,-,False
6317.T,6317,Kitagawa Corporation,Standard,Machinery,TOPIX Small 2,False
6322.T,6322,TACMINA CORPORATION,Standard,Machinery,-,False
6323.T,6323,RORZE CORPORATION,Prime,Machinery,TOPIX Mid400,True
6324.T,6324,Harmonic Drive Systems Inc.,Prime,Machinery,TOPIX Small 2,True
6325.T,6325,"TAKAKITA CO.,LTD.",Standard,Machinery,-,False
6326.T,6326,KUBOTA CORPORATION,Prime,Machinery,TOPIX Large70,True
6327.T,6327,"KITAGAWA SEIKI CO.,LTD.",Standard,Machinery,-,False
6328.T,6328,"EBARA JITSUGYO CO.,LTD.",Prime,Machinery,TOPIX Small 2,True
6330.T,6330,TOYO ENGINEERING CORPORATION,Prime,Construction,TOPIX Small 2,True
6331.T,6331,"Mitsubishi Kakoki Kaisha,Ltd.",Prime,Machinery,TOPIX Small 1,True
6332.T,6332,"TSUKISHIMA HOLDINGS CO.,LTD.",Prime,Machinery,TOPIX Small 1,True
6333.T,6333,TEIKOKU CORPORATION,Prime,Machinery,TOPIX Small 2,True
6334.T,6334,"Meiji Machine Co.,Ltd.",Standard,Machinery,-,False
6335.T,6335,"TOKYO KIKAI SEISAKUSHO,LTD.",Standard,Machinery,-,False
6336.T,6336,"ISHII HYOKI CO.,LTD.",Standard,Machinery,-,False
6337.T,6337,TESEC Corporation,Standard,Machinery,-,False
6338.T,6338,Takatori Corporation,Standard,Machinery,-,False
6339.T,6339,"Sintokogio,Ltd.",Prime,Machinery,TOPIX Small 2,True
6340.T,6340,SHIBUYA CORPORATION,Prime,Machinery,TOPIX Small 2,True
6342.T,6342,"Taihei Machinery Works,Limited",Standard,Machinery,-,False
6343.T,6343,FREESIA MACROSS CORPORATION,Standard,Machinery,-,False
6345.T,6345,AICHI CORPORATION,Prime,Machinery,TOPIX Small 2,True
6346.T,6346,"KIKUKAWA ENTERPRISE,INC.",Standard,Machinery,-,False
6347.T,6347,"PLACO CO.,LTD.",Standard,Machinery,-,False
6349.T,6349,KOMORI CORPORATION,Prime,Machinery,TOPIX Small 1,True
6351.T,6351,"TSURUMI MANUFACTURING CO.,LTD.",Prime,Machinery,TOPIX Small 2,True
6356.T,6356,"NIPPON GEAR CO.,LTD.",Standard,Machinery,-,False
6357.T,6357,"Sansei Technologies,Inc.",Standard,Machinery,-,False
6358.T,6358,"SAKAI HEAVY INDUSTRIES,LTD.",Prime,Machinery,TOPIX Small 2,True
6360.T,6360,"TOKYO AUTOMATIC MACHINERY WORKS,LTD.",Standard,Machinery,-,False
6361.T,6361,EBARA CORPORATION,Prime,Machinery,TOPIX Mid400,True
6363.T,6363,"Torishima Pump Mfg.Co.,Ltd.",Prime,Machinery,TOPIX Small 1,True
6364.T,6364,AIRMAN CORPORATION,Prime,Machinery,TOPIX Small 2,True
6365.T,6365,DMW CORPORATION,Standard,Machinery,-,False
6366.T,6366,Chiyoda Corporation,Standard,Construction,-,False
6367.T,6367,"DAIKIN INDUSTRIES,LTD.",Prime,Machinery,TOPIX Core30,True
6368.T,6368,ORGANO CORPORATION,Prime,Machinery,TOPIX Mid400,True
6369.T,6369,TOYO KANETSU K.K.,Prime,Machinery,TOPIX Small 2,True
6370.T,6370,Kurita Water Industries Ltd.,Prime,Machinery,TOPIX Mid400,True
6371.T,6371,TSUBAKIMOTO CHAIN CO.,Prime,Machinery,TOPIX Small 1,True
6376.T,6376,"NIKKISO CO.,LTD.",Prime,Precision Instruments,TOPIX Small 1,True
6378.T,6378,"KIMURA CHEMICAL PLANTS CO.,LTD.",Standard,Machinery,TOPIX Small 2,False
6379.T,6379,RAIZNEXT Corporation,Prime,Construction,TOPIX Small 2,True
6380.T,6380,"ORIENTAL CHAIN MFG. CO.,LTD.",Standard,Machinery,-,False
6381.T,6381,ANEST IWATA Corporation,Prime,Machinery,TOPIX Small 2,True
6382.T,6382,TRINITY INDUSTRIAL CORPORATION,Standard,Machinery,-,False
6383.T,6383,"DAIFUKU CO.,LTD.",Prime,Machinery,TOPIX Mid400,True
6384.T,6384,"SHOWA SHINKU CO.,LTD.",Standard,Machinery,-,False
6387.T,6387,SAMCO INC.,Prime,Machinery,TOPIX Small 2,True
6390.T,6390,"KATO WORKS CO.,LTD.",Prime,Machinery,-,True
6391.T,6391,KAJI TECHNOLOGY CORPORATION,Standard,Machinery,-,False
6392.T,6392,YAMADA CORPORATION,Standard,Machinery,-,False
6393.T,6393,"YUKEN KOGYO CO.,LTD.",Standard,Machinery,-,False
6395.T,6395,TADANO LTD.,Prime,Machinery,TOPIX Small 1,True
6396.T,6396,"Unozawa-gumi Iron Works,Limited",Standard,Machinery,-,False
6400.T,6400,"FUJI SEIKI CO.,LTD.",Standard,Machinery,-,False
6402.T,6402,"KANEMATSU ENGINEERING CO.,LTD.",Standard,Machinery,-,False
6405.T,6405,"Suzumo Machinery Co.,Ltd.",Standard,Machinery,-,False
6407.T,6407,CKD Corporation,Prime,Machinery,TOPIX Small 1,True
6408.T,6408,"OGURA CLUTCH CO.,LTD.",Standard,Machinery,-,False
6412.T,6412,Heiwa Corporation,Prime,Machinery,TOPIX Small 1,True
6413.T,6413,RISO KAGAKU CORPORATION,Prime,Machinery,TOPIX Small 2,True
6417.T,6417,"SANKYO CO.,LTD.",Prime,Machinery,TOPIX Mid400,True
6418.T,6418,"JAPAN CASH MACHINE CO.,LTD.",Prime,Machinery,TOPIX Small 2,True
6419.T,6419,Mars Group Holdings Corporation,Prime,Machinery,TOPIX Small 1,True
6420.T,6420,GALILEI HOLDINGS CO.LTD.,Prime,Machinery,TOPIX Small 1,True
6424.T,6424,"TAKAMISAWA CYBERNETICS COMPANY,LTD.",Standard,Machinery,-,False
6425.T,6425,Universal Entertainment Corporation,Standard,Machinery,-,False
6428.T,6428,OIZUMI Corporation,Standard,Machinery,-,False
6430.T,6430,"DAIKOKU DENKI CO.,LTD.",Prime,Machinery,TOPIX Small 2,True
6432.T,6432,"TAKEUCHI MFG.CO.,LTD.",Prime,Machinery,TOPIX Small 1,True
6433.T,6433,"HEPHAIST CO.,LTD.",Standard,Machinery,-,False
6436.T,6436,Amano Corporation,Prime,Machinery,TOPIX Mid400,True
6440.T,6440,JUKI CORPORATION,Prime,Machinery,TOPIX Small 2,True
6444.T,6444,SANDEN CORPORATION,Standard,Machinery,-,False
6445.T,6445,JANOME Corporation,Prime,Machinery,TOPIX Small 2,True
6448.T,6448,"BROTHER INDUSTRIES,LTD.",Prime,Electric Appliances,TOPIX Mid400,True
6454.T,6454,"MAX CO.,LTD.",Prime,Machinery,TOPIX Small 1,True
6455.T,6455,MORITA HOLDINGS CORPORATION,Prime,Transportation Equipment,TOPIX Small 2,True
6457.T,6457,GLORY LTD.,Prime,Machinery,TOPIX Mid400,True
6458.T,6458,SINKO INDUSTRIES LTD.,Prime,Machinery,TOPIX Small 1,True
6459.T,6459,DAIWA LTD.,Prime,Machinery,TOPIX Small 2,True
6460.T,6460,SEGA SAMMY HOLDINGS INC.,Prime,Machinery,TOPIX Mid400,True
6463.T,6463,"TPR CO.,LTD.",Prime,Machinery,TOPIX Small 1,True
6464.T,6464,"TSUBAKI NAKASHIMA CO.,LTD.",Prime,Machinery,TOPIX Small 2,True
6465.T,6465,HOSHIZAKI CORPORATION,Prime,Machinery,TOPIX Mid400,True
6466.T,6466,"TVE Co.,Ltd.",Standard,Machinery,-,False
6467.T,6467,NICHIDAI CORPORATION,Standard,Machinery,-,False
6469.T,6469,"HODEN SEIMITSU KAKO KENKYUSHO CO.,LTD.",Standard,Machinery,-,False
6470.T,6470,"TAIHO KOGYO CO.,LTD.",Standard,Machinery,TOPIX Small 2,False
6471.T,6471,NSK Ltd.,Prime,Machinery,TOPIX Mid400,True
6472.T,6472,NTN CORPORATION,Prime,Machinery,TOPIX Mid400,True
6473.T,6473,JTEKT Corporation,Prime,Machinery,TOPIX Mid400,True
6474.T,6474,NACHI-FUJIKOSHI CORP.,Prime,Machinery,TOPIX Small 1,True
6479.T,6479,MINEBEA MITSUMI Inc.,Prime,Electric Appliances,TOPIX Mid400,True
6480.T,6480,"NIPPON THOMPSON CO.,LTD.",Prime,Machinery,TOPIX Small 2,True
6481.T,6481,"THK CO.,LTD.",Prime,Machinery,TOPIX Mid400,True
6482.T,6482,Yushin Company,Standard,Machinery,TOPIX Small 2,False
6484.T,6484,KVK CORPORATION,Standard,Machinery,-,False
6485.T,6485,"MAEZAWA KYUSO INDUSTRIES CO.,LTD.",Standard,Machinery,TOPIX Small 2,False
6486.T,6486,"EAGLE INDUSTRY CO.,LTD.",Prime,Machinery,TOPIX Small 1,True
6488.T,6488,Yoshitake Inc.,Standard,Machinery,-,False
6490.T,6490,PILLAR Corporation,Prime,Machinery,TOPIX Small 1,True
6492.T,6492,OKANO VALVE MFG.CO.LTD.,Standard,Machinery,-,False
6493.T,6493,NITTAN Corporation,Standard,Transportation Equipment,-,False
6494.T,6494,"NFK HOLDINGS CO.,Ltd",Standard,Machinery,-,False
6495.T,6495,"MIYAIRI VALVE MFG.CO.,LTD.",Standard,Machinery,-,False
6496.T,6496,"NAKAKITA SEISAKUSHO CO.,LTD.",Standard,Machinery,-,False
6497.T,6497,HAMAI INDUSTRIES LTD,Standard,Machinery,-,False
6498.T,6498,KITZ CORPORATION,Prime,Machinery,TOPIX Small 1,True
6501.T,6501,"Hitachi,Ltd.",Prime,Electric Appliances,TOPIX Core30,True
6503.T,6503,Mitsubishi Electric Corporation,Prime,Electric Appliances,TOPIX Core30,True
6504.T,6504,"FUJI ELECTRIC CO.,LTD.",Prime,Electric Appliances,TOPIX Mid400,True
6505.T,6505,"TOYO DENKI SEIZO K.K.(TOYO ELECTRIC MFG.CO.,LTD.)",Standard,Electric Appliances,-,False
6506.T,6506,YASKAWA Electric Corporation,Prime,Electric Appliances,TOPIX Mid400,True
6507.T,6507,"SINFONIA TECHNOLOGY CO.,LTD.",Prime,Electric Appliances,TOPIX Small 1,True
6508.T,6508,MEIDENSHA CORPORATION,Prime,Electric Appliances,TOPIX Small 1,True
6513.T,6513,"Origin Company,Limited",Standard,Electric Appliances,-,False
6516.T,6516,"SANYO DENKI CO.,LTD.",Prime,Electric Appliances,TOPIX Small 1,True
6517.T,6517,"Denyo Co.,Ltd.",Prime,Electric Appliances,TOPIX Small 2,True
6518.T,6518,"SANSO ELECTRIC CO.,LTD.",Standard,Electric Appliances,-,False
6521.T,6521,OXIDE Corporation,Growth,Electric Appliances,-,False
6522.T,6522,Asterisk Inc.,Growth,Electric Appliances,-,False
6523.T,6523,PHC Holdings Corporation,Prime,Electric Appliances,TOPIX Small 1,True
6524.T,6524,"KOHOKU KOGYO CO.,LTD.",Standard,Electric Appliances,-,False
6525.T,6525,KOKUSAI ELECTRIC CORPORATION,Prime,Electric Appliances,TOPIX Mid400,True
6526.T,6526,Socionext Inc.,Prime,Electric Appliances,TOPIX Mid400,True
6532.T,6532,"BayCurrent,Inc.",Prime,Services,TOPIX Mid400,True
6533.T,6533,Orchestra Holdings Inc.,Prime,Services,TOPIX Small 2,True
6535.T,6535,"i-mobile Co.,Ltd.",Prime,Services,TOPIX Small 2,True
6537.T,6537,"WASHHOUSE CO.,LTD.",Growth,Services,-,False
6538.T,6538,Disruptors Inc.,Standard,Services,-,False
6539.T,6539,"MATCHING SERVICE JAPAN CO.,LTD.",Prime,Services,TOPIX Small 2,True
6540.T,6540,SEMBA CORPORATION,Standard,Services,-,False
6543.T,6543,NISSEN INC.,Standard,Services,-,False
6544.T,6544,"JAPAN ELEVATOR SERVICE HOLDINGS CO.,LTD.",Prime,Services,TOPIX Mid400,True
6545.T,6545,internet infinity INC.,Growth,Services,-,False
6546.T,6546,Fulltech Co.Ltd.,Standard,Services,-,False
6547.T,6547,"GREENS CO.,LTD.",Standard,Services,-,False
6548.T,6548,TABIKOBO Co.Ltd.,Growth,Services,-,False
6549.T,6549,"DM Solutions Co.,Ltd",Standard,Services,-,False
6551.T,6551,TSUNAGU GROUP HOLDINGS Inc.,Standard,Services,-,False
6552.T,6552,"GameWith,Inc.",Standard,Services,-,False
6554.T,6554,"SUS Co.,Ltd.",Growth,Services,-,False
6555.T,6555,"MS&Consulting Co.,Ltd.",Standard,Services,-,False
6557.T,6557,AIAI Group Corporation,Growth,Services,-,False
6558.T,6558,"Cookbiz Co.,Ltd.",Growth,Services,-,False
6560.T,6560,"LTS,Inc.",Prime,Services,TOPIX Small 2,True
6561.T,6561,"HANATOUR JAPAN CO.,LTD.",Growth,Services,-,False
6562.T,6562,"Geniee,Inc.",Growth,Services,-,False
6563.T,6563,Mirai Works Inc.,Growth,Services,-,False
6564.T,6564,"MIDAC HOLDINGS CO.,LTD.",Prime,Services,TOPIX Small 2,True
6566.T,6566,"KANAME KOGYO CO.,LTD.",Standard,Services,-,False
6568.T,6568,"KNC Laboratories Co.,Ltd.",Growth,Services,-,False
6570.T,6570,Kyowa Corporation,Standard,Services,-,False
6571.T,6571,"QB Net Holdings Co.,Ltd.",Prime,Services,TOPIX Small 2,True
6572.T,6572,"OPEN Group,Inc.",Prime,Services,TOPIX Small 2,True
6573.T,6573,CRAVIA Inc.,Growth,Services,-,False
6574.T,6574,Convano Inc.,Growth,Services,-,False
6577.T,6577,"Bestone.Com Co.,Ltd",Growth,Services,-,False
6578.T,6578,CORREC HOLDINGS Inc.,Standard,Services,-,False
6579.T,6579,"logly,Inc.",Growth,Services,-,False
6580.T,6580,"Writeup Co.,Ltd.",Growth,Services,-,False
6584.T,6584,"Sanoh Industrial Co.,Ltd.",Prime,Transportation Equipment,TOPIX Small 2,True
6586.T,6586,Makita Corporation,Prime,Machinery,TOPIX Mid400,True
6588.T,6588,TOSHIBA TEC CORPORATION,Prime,Electric Appliances,TOPIX Small 1,True
6590.T,6590,SHIBAURA MECHATRONICS CORPORATION,Prime,Electric Appliances,TOPIX Small 1,True
6592.T,6592,"MABUCHI MOTOR CO.,LTD.",Prime,Electric Appliances,TOPIX Mid400,True
6594.T,6594,NIDEC CORPORATION,Prime,Electric Appliances,-,True
6597.T,6597,HPC SYSTEMS Inc.,Growth,Electric Appliances,-,False
6599.T,6599,"EBRAINS,INC.",Standard,Electric Appliances,-,False
6612.T,6612,BALMUDA Inc.,Growth,Electric Appliances,-,False
6613.T,6613,"QD Laser,Inc.",Growth,Electric Appliances,-,False
6614.T,6614,"Shikino High-Tech CO.,LTD.",Standard,Electric Appliances,-,False
6615.T,6615,"UMC Electronics Co.,Ltd.",Prime,Electric Appliances,TOPIX Small 2,True
6616.T,6616,TOREX SEMICONDUCTOR LTD.,Prime,Electric Appliances,TOPIX Small 2,True
6617.T,6617,"TAKAOKA TOKO CO.,LTD.",Prime,Electric Appliances,TOPIX Small 2,True
6619.T,6619,W-SCOPE Corporation,Prime,Electric Appliances,TOPIX Small 2,True
6620.T,6620,"Miyakoshi Holdings,Inc.",Prime,Real Estate,TOPIX Small 2,True
6622.T,6622,DAIHEN CORPORATION,Prime,Electric Appliances,TOPIX Small 1,True
6625.T,6625,JALCO Holdings Inc.,Standard,Real Estate,-,False
6626.T,6626,SEMITEC Corporation,Standard,Electric Appliances,-,False
6627.T,6627,"Tera Probe,Inc.",Standard,Electric Appliances,-,False
6629.T,6629,"TECHNO HORIZON CO.,LTD.",Standard,Electric Appliances,-,False
6630.T,6630,YA-MAN LTD.,Prime,Electric Appliances,TOPIX Small 1,True
6632.T,6632,JVCKENWOOD Corporation,Prime,Electric Appliances,TOPIX Mid400,True
6633.T,6633,CGS HOLDINGS INC.,Standard,Electric Appliances,-,False
6634.T,6634,JN Group Inc.,Standard,Electric Appliances,-,False
6635.T,6635,KK DI-NIKKO ENGINEERING,Standard,Electric Appliances,-,False
6637.T,6637,"TERASAKI ELECTRIC CO.,LTD.",Standard,Electric Appliances,-,False
6638.T,6638,"MIMAKI ENGINEERING CO.,LTD.",Prime,Electric Appliances,TOPIX Small 2,True
6643.T,6643,"Togami Electric Mfg.Co.,Ltd.",Standard,Electric Appliances,-,False
6644.T,6644,"Osaki Electric Co.,Ltd.",Prime,Electric Appliances,TOPIX Small 2,True
6645.T,6645,OMRON Corporation,Prime,Electric Appliances,TOPIX Mid400,True
6647.T,6647,"MORIO DENKI CO.,LTD.",Standard,Electric Appliances,-,False
6648.T,6648,KAWADEN CORPORATION,Standard,Electric Appliances,-,False
6651.T,6651,NITTO KOGYO CORPORATION,Prime,Electric Appliances,TOPIX Small 1,True
6652.T,6652,IDEC CORPORATION,Prime,Electric Appliances,TOPIX Small 1,True
6653.T,6653,"SEIKO ELECTRIC CO.,LTD.",Prime,Electric Appliances,-,True
6654.T,6654,"FUJI ELECTRIC INDUSTRY CO.,LTD.",Standard,Electric Appliances,-,False
6656.T,6656,inspec Inc.,Standard,Electric Appliances,-,False
6658.T,6658,"Shirai Electronics Industrial Co.,Ltd.",Standard,Electric Appliances,-,False
6659.T,6659,"MEDIA LINKS CO.,LTD.",Standard,Electric Appliances,-,False
6662.T,6662,"Ubiteq,INC.",Standard,Electric Appliances,-,False
6663.T,6663,"TAIYO TECHNOLEX CO.,LTD.",Standard,Electric Appliances,-,False
6664.T,6664,"OPTOELECTRONICS CO.,LTD.",Standard,Electric Appliances,-,False
6666.T,6666,RIVER ELETEC CORPORATION,Standard,Electric Appliances,-,False
6668.T,6668,"ADTEC PLASMA TECHNOLOGY CO.,LTD.",Standard,Electric Appliances,-,False
6674.T,6674,GS Yuasa Corporation,Prime,Electric Appliances,TOPIX Mid400,True
6675.T,6675,"SAXA,Inc.",Standard,Electric Appliances,-,False
6676.T,6676,BUFFALO INC.,Standard,Electric Appliances,TOPIX Small 2,False
6677.T,6677,"SK-Electronics CO.,LTD.",Standard,Electric Appliances,-,False
6678.T,6678,"Techno Medica Co.,Ltd.",Standard,Electric Appliances,TOPIX Small 2,False
6694.T,6694,ZOOM CORPORATION,Standard,Electric Appliances,-,False
6696.T,6696,TRaaS On Product Inc.,Growth,Electric Appliances,-,False
6699.T,6699,"DIAMOND ELECTRIC HOLDINGS Co.,Ltd.",Standard,Electric Appliances,TOPIX Small 2,False
6701.T,6701,NEC Corporation,Prime,Electric Appliances,TOPIX Large70,True
6702.T,6702,Fujitsu Limited,Prime,Electric Appliances,TOPIX Large70,True
6703.T,6703,"Oki Electric Industry Company,Limited",Prime,Electric Appliances,TOPIX Small 1,True
6706.T,6706,"DKK Co.,Ltd.",Prime,Electric Appliances,TOPIX Small 2,True
6707.T,6707,"Sanken Electric Co.,Ltd.",Prime,Electric Appliances,TOPIX Mid400,True
6718.T,6718,"AIPHONE CO.,LTD.",Prime,Electric Appliances,TOPIX Small 2,True
6721.T,6721,Wintest Corp.,Standard,Electric Appliances,-,False
6723.T,6723,Renesas Electronics Corporation,Prime,Electric Appliances,TOPIX Large70,True
6724.T,6724,SEIKO EPSON CORPORATION,Prime,Electric Appliances,TOPIX Mid400,True
6727.T,6727,"Wacom Co.,Ltd.",Prime,Electric Appliances,TOPIX Small 1,True
6728.T,6728,"ULVAC, Inc.",Prime,Electric Appliances,TOPIX Mid400,True
6730.T,6730,AXELL CORPORATION,Standard,Electric Appliances,TOPIX Small 2,False
6731.T,6731,PIXELA CORPORATION,Standard,Electric Appliances,-,False
6736.T,6736,SUNCORPORATION,Standard,Electric Appliances,-,False
6737.T,6737,EIZO Corporation,Prime,Electric Appliances,TOPIX Small 1,True
6740.T,6740,Japan Display Inc.,Prime,Electric Appliances,TOPIX Small 2,True
6741.T,6741,"Nippon Signal Company,Limited",Prime,Electric Appliances,TOPIX Small 2,True
6742.T,6742,"Kyosan Electric Manufacturing Co.,Ltd.",Prime,Electric Appliances,TOPIX Small 2,True
6743.T,6743,"Daido Signal Co.,Ltd.",Standard,Electric Appliances,-,False
6744.T,6744,NOHMI BOSAI LTD.,Prime,Electric Appliances,TOPIX Small 1,True
6745.T,6745,HOCHIKI CORPORATION,Prime,Electric Appliances,TOPIX Small 2,True
6748.T,6748,"SEIWA ELECTRIC MFG. CO.,LTD.",Standard,Electric Appliances,-,False
6750.T,6750,"ELECOM CO.,LTD.",Prime,Electric Appliances,TOPIX Small 1,True
6752.T,6752,Panasonic Holdings Corporation,Prime,Electric Appliances,TOPIX Large70,True
6753.T,6753,Sharp Corporation,Prime,Electric Appliances,TOPIX Mid400,True
6754.T,6754,ANRITSU CORPORATION,Prime,Electric Appliances,TOPIX Mid400,True
6757.T,6757,"OSG CORPORATION CO.,LTD.",Standard,Electric Appliances,-,False
6758.T,6758,SONY GROUP CORPORATION,Prime,Electric Appliances,TOPIX Core30,True
6762.T,6762,TDK Corporation,Prime,Electric Appliances,TOPIX Large70,True
6763.T,6763,"Teikoku Tsushin Kogyo Co.,Ltd.",Prime,Electric Appliances,TOPIX Small 2,True
6768.T,6768,TAMURA CORPORATION,Prime,Electric Appliances,TOPIX Small 1,True
6769.T,6769,"THine Electronics,Inc.",Standard,Electric Appliances,-,False
6770.T,6770,"ALPS ALPINE CO.,LTD.",Prime,Electric Appliances,TOPIX Mid400,True
6771.T,6771,"IKEGAMI TSUSHINKI CO.,LTD.",Standard,Electric Appliances,-,False
6772.T,6772,"Tokyo Cosmos Electric Co.,Ltd.",Standard,Electric Appliances,-,False
6775.T,6775,TB GROUP INC.,Standard,Electric Appliances,-,False
6776.T,6776,"Tensho Electric Industries Co.,Ltd.",Standard,Chemicals,-,False
6777.T,6777,santec Holdings Corporation,Standard,Electric Appliances,-,False
6778.T,6778,"Artiza Networks,Inc.",Standard,Electric Appliances,-,False
6779.T,6779,"NIHON DEMPA KOGYO CO.,LTD.",Prime,Electric Appliances,TOPIX Small 2,True
6785.T,6785,"SUZUKI CO.,LTD.",Prime,Electric Appliances,TOPIX Small 2,True
6786.T,6786,RVH Inc.,Standard,Services,-,False
6787.T,6787,"Meiko Electronics Co.,Ltd.",Prime,Electric Appliances,TOPIX Small 1,True
6788.T,6788,"NIHON TRIM CO.,LTD.",Prime,Electric Appliances,TOPIX Small 2,True
6794.T,6794,"Foster Electric Company,Limited",Prime,Electric Appliances,TOPIX Small 2,True
6797.T,6797,"NAGOYA ELECTRIC WORKS CO.,LTD.",Standard,Electric Appliances,-,False
6798.T,6798,SMK Corporation,Prime,Electric Appliances,TOPIX Small 2,True
6800.T,6800,"YOKOWO CO.,LTD.",Prime,Electric Appliances,TOPIX Small 2,True
6803.T,6803,TEAC CORPORATION,Standard,Electric Appliances,-,False
6804.T,6804,Hosiden Corporation,Prime,Electric Appliances,TOPIX Small 1,True
6806.T,6806,"HIROSE ELECTRIC CO.,LTD.",Prime,Electric Appliances,TOPIX Mid400,True
6807.T,6807,"Japan Aviation Electronics Industry,Limited",Prime,Electric Appliances,TOPIX Small 1,True
6809.T,6809,TOA CORPORATION,Prime,Electric Appliances,TOPIX Small 2,True
6810.T,6810,"Maxell,Ltd.",Prime,Electric Appliances,TOPIX Small 1,True
6814.T,6814,"FURUNO ELECTRIC CO.,LTD.",Prime,Electric Appliances,TOPIX Small 1,True
6817.T,6817,SUMIDA CORPORATION,Prime,Electric Appliances,TOPIX Small 2,True
6819.T,6819,"Izu Shaboten Resort Co.,Ltd",Standard,Services,-,False
6820.T,6820,ICOM INCORPORATED,Prime,Electric Appliances,TOPIX Small 2,True
6822.T,6822,"Oi Electric Co.,Ltd.",Standard,Electric Appliances,-,False
6823.T,6823,"RION CO.,LTD.",Prime,Electric Appliances,TOPIX Small 2,True
6824.T,6824,"NEW COSMOS ELECTRIC CO.,LTD.",Standard,Electric Appliances,-,False
6832.T,6832,"AOI ELECTRONICS CO.,LTD.",Standard,Electric Appliances,-,False
6834.T,6834,"SEIKOH GIKEN Co.,Ltd.",Standard,Electric Appliances,-,False
6835.T,6835,ALLIED TELESIS HOLDINGS K.K.,Standard,Electric Appliances,-,False
6836.T,6836,"PLAT'HOME CO.,LTD.",Standard,Electric Appliances,-,False
6837.T,6837,"KYOSHA CO.,LTD.",Standard,Electric Appliances,-,False
6838.T,6838,"TAMAGAWA HOLDINGS CO.,LTD.",Standard,Electric Appliances,-,False
6840.T,6840,"AKIBA Holdings Co.,Ltd.",Standard,Electric Appliances,-,False
6841.T,6841,YOKOGAWA ELECTRIC CORPORATION,Prime,Electric Appliances,TOPIX Mid400,True
6844.T,6844,"Shindengen Electric Manufacturing Co.,Ltd.",Prime,Electric Appliances,TOPIX Small 2,True
6845.T,6845,Azbil Corporation,Prime,Electric Appliances,TOPIX Mid400,True
6848.T,6848,DKK-TOA CORPORATION,Standard,Electric Appliances,-,False
6849.T,6849,NIHON KOHDEN CORPORATION,Prime,Electric Appliances,TOPIX Mid400,True
6850.T,6850,Chino Corporation,Prime,Electric Appliances,TOPIX Small 2,True
6853.T,6853,"KYOWA ELECTRONIC INSTRUMENTS CO.,LTD.",Standard,Electric Appliances,-,False
6855.T,6855,JAPAN ELECTRONIC MATERIALS CORPORATION,Standard,Electric Appliances,TOPIX Small 2,False
6856.T,6856,"HORIBA,Ltd.",Prime,Electric Appliances,TOPIX Mid400,True
6857.T,6857,ADVANTEST CORPORATION,Prime,Electric Appliances,TOPIX Core30,True
6858.T,6858,"ONO SOKKI Co.,Ltd.",Standard,Electric Appliances,-,False
6859.T,6859,ESPEC CORP.,Prime,Electric Appliances,TOPIX Small 1,True
6861.T,6861,KEYENCE CORPORATION,Prime,Electric Appliances,TOPIX Core30,True
6862.T,6862,MINATO HOLDINGS INC.,Standard,Electric Appliances,-,False
6863.T,6863,NIRECO CORPORATION,Standard,Electric Appliances,-,False
6864.T,6864,NF HOLDINGS CORPORATION,Standard,Electric Appliances,-,False
6866.T,6866,HIOKI E.E.CORPORATION,Prime,Electric Appliances,TOPIX Small 1,True
6867.T,6867,LEADER ELECTRONICS CORPORATION,Standard,Electric Appliances,-,False
6869.T,6869,SYSMEX CORPORATION,Prime,Electric Appliances,TOPIX Mid400,True
6870.T,6870,"Fenwal Controls of Japan,Ltd.",Standard,Electric Appliances,-,False
6871.T,6871,"MICRONICS JAPAN CO.,LTD.",Prime,Electric Appliances,TOPIX Small 1,True
6874.T,6874,KYORITSU ELECTRIC CORPORATION,Standard,Electric Appliances,-,False
6875.T,6875,MegaChips Corporation,Prime,Electric Appliances,TOPIX Small 1,True
6877.T,6877,Obara Group Incorporated,Standard,Electric Appliances,TOPIX Small 2,False
6882.T,6882,"Sansha Electric Manufacturing Co.,Ltd.",Standard,Electric Appliances,-,False
6888.T,6888,ACMOS INC.,Standard,Information & Communication,-,False
6890.T,6890,Ferrotec Corporation,Standard,Electric Appliances,-,False
6894.T,6894,"PULSTEC INDUSTRIAL CO.,LTD.",Standard,Electric Appliances,-,False
6897.T,6897,TWINBIRD CORPORATION,Standard,Electric Appliances,-,False
6898.T,6898,"TOMITA ELECTRIC CO.,LTD.",Standard,Electric Appliances,-,False
6899.T,6899,ASTI CORPORATION,Standard,Electric Appliances,-,False
6902.T,6902,DENSO CORPORATION,Prime,Transportation Equipment,TOPIX Large70,True
6904.T,6904,"HARADA INDUSTRY CO.,LTD.",Standard,Electric Appliances,-,False
6905.T,6905,"COSEL CO.,LTD.",Prime,Electric Appliances,TOPIX Small 2,True
6907.T,6907,"GEOMATEC CO.,LTD.",Standard,Electric Appliances,-,False
6908.T,6908,"IRISO ELECTRONICS CO.,LTD.",Prime,Electric Appliances,TOPIX Small 1,True
6912.T,6912,KIKUSUI HOLDINGS CORPORATION,Standard,Electric Appliances,-,False
6914.T,6914,"OPTEX GROUP Company,Limited",Prime,Electric Appliances,TOPIX Small 1,True
6915.T,6915,"CHIYODA INTEGRE CO.,LTD.",Standard,Electric Appliances,TOPIX Small 2,False
6918.T,6918,AVAL DATA CORPORATION,Standard,Electric Appliances,-,False
6919.T,6919,KEL CORPORATION,Standard,Electric Appliances,-,False
6920.T,6920,Lasertec Corporation,Prime,Electric Appliances,TOPIX Large70,True
6923.T,6923,"Stanley Electric Co.,Ltd.",Prime,Electric Appliances,TOPIX Mid400,True
6925.T,6925,USHIO INC.,Prime,Electric Appliances,TOPIX Mid400,True
6926.T,6926,"OKAYA ELECTRIC INDUSTRIES CO.,LTD.",Standard,Electric Appliances,-,False
6927.T,6927,"Helios Techno Holding Co.,Ltd.",Standard,Electric Appliances,-,False
6928.T,6928,"ENOMOTO Co.,Ltd.",Standard,Electric Appliances,-,False
6929.T,6929,"NIPPON CERAMIC CO.,LTD.",Prime,Electric Appliances,TOPIX Small 1,True
6932.T,6932,ENDO Lighting Corporation,Standard,Electric Appliances,-,False
6941.T,6941,"YAMAICHI ELECTRONICS CO.,LTD.",Prime,Electric Appliances,TOPIX Small 1,True
6942.T,6942,"SOPHIA HOLDINGS CO.,LTD.",Standard,Information & Communication,-,False
6943.T,6943,"NKK SWITCHES CO.,LTD.",Standard,Electric Appliances,-,False
6946.T,6946,"Nippon Avionics Co.,Ltd.",Standard,Electric Appliances,-,False
6947.T,6947,ZUKEN INC.,Prime,Electric Appliances,TOPIX Small 1,True
6951.T,6951,JEOL Ltd.,Prime,Electric Appliances,TOPIX Mid400,True
6952.T,6952,"CASIO COMPUTER CO.,LTD.",Prime,Electric Appliances,TOPIX Mid400,True
6954.T,6954,FANUC CORPORATION,Prime,Electric Appliances,TOPIX Large70,True
6955.T,6955,FDK CORPORATION,Standard,Electric Appliances,-,False
6958.T,6958,CMK CORPORATION,Prime,Electric Appliances,TOPIX Small 2,True
6960.T,6960,"FUKUDA DENSHI CO.,LTD.",Standard,Electric Appliances,-,False
6961.T,6961,ENPLAS CORPORATION,Prime,Electric Appliances,TOPIX Small 2,True
6962.T,6962,DAISHINKU CORP.,Prime,Electric Appliances,TOPIX Small 2,True
6963.T,6963,ROHM COMPANY LIMITED,Prime,Electric Appliances,TOPIX Mid400,True
6964.T,6964,"SANKO CO.,LTD.",Standard,Electric Appliances,-,False
6965.T,6965,HAMAMATSU PHOTONICS K.K.,Prime,Electric Appliances,TOPIX Mid400,True
6966.T,6966,"Mitsui High-tec,Inc.",Prime,Electric Appliances,TOPIX Small 1,True
6969.T,6969,"MATSUO ELECTRIC CO.,LTD.",Standard,Electric Appliances,-,False
6971.T,6971,KYOCERA CORPORATION,Prime,Electric Appliances,TOPIX Large70,True
6976.T,6976,"TAIYO YUDEN CO.,LTD.",Prime,Electric Appliances,TOPIX Mid400,True
6977.T,6977,"JAPAN RESISTOR MFG. CO.,LTD.",Standard,Electric Appliances,-,False
6981.T,6981,"Murata Manufacturing Co.,Ltd.",Prime,Electric Appliances,TOPIX Large70,True
6982.T,6982,"The Lead Co.,Inc.",Standard,Transportation Equipment,-,False
6986.T,6986,FUTABA CORPORATION,Prime,Electric Appliances,TOPIX Small 2,True
6988.T,6988,NITTO DENKO CORPORATION,Prime,Chemicals,TOPIX Mid400,True
6989.T,6989,"HOKURIKU ELECTRIC INDUSTRY CO.,LTD.",Standard,Electric Appliances,-,False
6993.T,6993,"Daikokuya Holdings Co.,Ltd.",Standard,Retail Trade,-,False
6994.T,6994,SHIZUKI ELECTRIC COMPANY INC.,Standard,Electric Appliances,-,False
6995.T,6995,"TOKAI RIKA CO.,LTD.",Prime,Transportation Equipment,TOPIX Small 1,True
6996.T,6996,NICHICON CORPORATION,Prime,Electric Appliances,TOPIX Small 1,True
6997.T,6997,NIPPON CHEMI-CON CORPORATION,Prime,Electric Appliances,TOPIX Small 2,True
6998.T,6998,"Nippon Tungsten Co.,Ltd.",Standard,Electric Appliances,-,False
6999.T,6999,KOA CORPORATION,Prime,Electric Appliances,TOPIX Small 1,True
7003.T,7003,"MITSUI E&S Co.,Ltd.",Prime,Machinery,TOPIX Mid400,True
7004.T,7004,Kanadevia Corporation,Prime,Machinery,TOPIX Small 1,True
7011.T,7011,"Mitsubishi Heavy Industries,Ltd.",Prime,Machinery,TOPIX Core30,True
7012.T,7012,"Kawasaki Heavy Industries,Ltd.",Prime,Transportation Equipment,TOPIX Mid400,True
7013.T,7013,IHI Corporation,Prime,Machinery,TOPIX Mid400,True
7014.T,7014,"Namura Shipbuilding Co.,Ltd.",Standard,Transportation Equipment,TOPIX Small 1,False
7018.T,7018,Naikai Zosen Corporation,Standard,Transportation Equipment,-,False
7021.T,7021,"NITCHITSU CO.,LTD.",Standard,Machinery,-,False
7022.T,7022,Sanoyas Holdings Corporation,Standard,Machinery,-,False
7030.T,7030,SPRIX Inc.,Standard,Services,-,False
7031.T,7031,Inbound Tech Inc.,Growth,Services,-,False
7033.T,7033,"Management Solutions Co.,Ltd.",Prime,Services,TOPIX Small 2,True
7034.T,7034,"Prored Partners CO.,LTD.",Prime,Services,TOPIX Small 2,True
7035.T,7035,"and factory,inc",Standard,Services,-,False
7036.T,7036,eMnet Japan.co.ltd.,Growth,Services,-,False
7037.T,7037,teno.Holdings Company Limited,Standard,Services,-,False
7038.T,7038,Frontier Management Inc.,Prime,Services,TOPIX Small 2,True
7039.T,7039,BRIDGE International Group Corp.,Growth,Services,-,False
7040.T,7040,"SUN-LIFE HOLDING CO.,LTD.",Standard,Services,-,False
7041.T,7041,"CRG HOLDINGS CO.,LTD.",Growth,Services,-,False
7042.T,7042,"ACCESS GROUP HOLDINGS CO.,LTD.",Standard,Services,-,False
7043.T,7043,"Alue Co.,Ltd.",Growth,Services,-,False
7044.T,7044,PIALA INC.,Standard,Services,-,False
7046.T,7046,TDSE Inc.,Growth,Services,-,False
7047.T,7047,PORT INC.,Growth,Services,-,False
7048.T,7048,VELTRA Corporation,Growth,Services,-,False
7049.T,7049,"SHIKIGAKU.Co.,Ltd.",Growth,Services,-,False
7050.T,7050,FRONTIER INTERNATIONAL INC.,Growth,Services,-,False
7057.T,7057,"New Constructor's Network Co.,Ltd.",Standard,Services,-,False
7058.T,7058,"Kyoei Security Service Co.,Ltd.",Standard,Services,-,False
7059.T,7059,"COPRO-HOLDINGS.Co.,Ltd.",Prime,Services,-,True
7060.T,7060,geechs inc.,Standard,Services,-,False
7061.T,7061,Japan Hospice Holdings Inc.,Growth,Services,-,False
7062.T,7062,"Fureasu Co.,Ltd.",Growth,Services,-,False
7063.T,7063,Birdman Inc.,Growth,Services,-,False
7064.T,7064,"Howtelevision,Inc.",Standard,Services,-,False
7065.T,7065,UPR Corporation,Standard,Services,-,False
7066.T,7066,"Peers Co.,Ltd.",Growth,Services,-,False
7067.T,7067,Branding Technology Inc.,Growth,Services,-,False
7068.T,7068,Feedforce Group Inc.,Growth,Services,-,False
7069.T,7069,"CyberBuzz,Inc.",Growth,Services,-,False
7071.T,7071,"Amvis Holdings,Inc.",Prime,Services,TOPIX Small 2,True
7072.T,7072,"Intimate Merger,Inc.",Growth,Services,-,False
7073.T,7073,"JAIC Co.,Ltd.",Growth,Services,-,False
7074.T,7074,Twenty-four seven Holdings Inc.,Growth,Services,-,False
7075.T,7075,"QLS Holdings Co.,Ltd",Growth,Services,-,False
7077.T,7077,"ALiNK Internet,INC.",Growth,Services,-,False
7078.T,7078,INCLUSIVE Holdings Inc.,Growth,Services,-,False
7079.T,7079,"WDB coco CO.,LTD.",Growth,Services,-,False
7080.T,7080,"Sportsfield Co.,Ltd.",Growth,Services,-,False
7081.T,7081,"Koyou Rentia Co.,Ltd.",Standard,Services,-,False
7082.T,7082,"Jimoty,Inc.",Growth,Services,-,False
7083.T,7083,AHC GROUP INC.,Growth,Services,-,False
7084.T,7084,Smile Holdings Inc.,Growth,Services,-,False
7085.T,7085,"CURVES HOLDINGS Co.,Ltd.",Prime,Services,TOPIX Small 1,True
7087.T,7087,"WILLTEC Co.,Ltd.",Standard,Services,-,False
7089.T,7089,"for Startups,Inc.",Growth,Services,-,False
7090.T,7090,Ligua Inc.,Growth,Services,-,False
7091.T,7091,"Living Platform,Ltd.",Growth,Services,-,False
7093.T,7093,"adish Co.,Ltd.",Growth,Services,-,False
7094.T,7094,NexTone Inc.,Growth,Services,-,False
7095.T,7095,"Macbee Planet,Inc.",Prime,Services,TOPIX Small 2,True
7096.T,7096,StemCell Institute,Growth,Services,-,False
7097.T,7097,"SAKURASAKU PLUS,Co.,Ltd.",Growth,Services,-,False
7102.T,7102,"NIPPON SHARYO,LTD.",Prime,Transportation Equipment,TOPIX Small 2,True
7110.T,7110,Kurashicom Inc.,Growth,Retail Trade,-,False
7111.T,7111,"INEST,Inc.",Standard,Wholesale Trade,-,False
7112.T,7112,"CUBE CO.,LTD.",Growth,Retail Trade,-,False
7114.T,7114,"Foodison,Inc.",Growth,Wholesale Trade,-,False
7115.T,7115,AlphaPurchase Corporation,Standard,Wholesale Trade,-,False
7119.T,7119,"halmek holdings Co.,Ltd.",Growth,Retail Trade,-,False
7120.T,7120,SHINKO Inc.,Standard,Wholesale Trade,-,False
7122.T,7122,"THE KINKI SHARYO CO.,LTD.",Standard,Transportation Equipment,-,False
7126.T,7126,"Global Style Co.,Ltd.",Standard,Retail Trade,-,False
7127.T,7127,"Ikka Holdings Co.,Ltd.",Standard,Retail Trade,-,False
7128.T,7128,UNISOL Holdings Corporation,Prime,Wholesale Trade,TOPIX Small 1,True
7129.T,7129,Miahelsa Holdings Corporation,Standard,Retail Trade,-,False
7130.T,7130,"YAMAE GROUP HOLDINGS CO.,LTD.",Prime,Wholesale Trade,TOPIX Small 1,True
7131.T,7131,NOMURA CORPORATION,Standard,Wholesale Trade,-,False
7133.T,7133,"HYUGA PRIMARY CARE Co.,Ltd.",Growth,Retail Trade,-,False
7134.T,7134,"UP GARAGE GROUP Co.,Ltd.",Standard,Retail Trade,-,False
7135.T,7135,"JAPAN CRAFT HOLDINGS CO.,LTD.",Standard,Retail Trade,-,False
7138.T,7138,"TORICO Co.,Ltd.",Growth,Retail Trade,-,False
7140.T,7140,Petgo Corporation,Growth,Retail Trade,-,False
7148.T,7148,"Financial Partners Group Co.,Ltd.",Prime,Securities and Commodities Futures,TOPIX Small 1,True
7150.T,7150,"THE SHIMANE BANK,LTD.",Standard,Banks,-,False
7157.T,7157,LIFENET INSURANCE COMPANY,Prime,Insurance,TOPIX Small 1,True
7161.T,7161,"Jimoto Holdings,Inc.",Standard,Banks,-,False
7162.T,7162,"ASTMAX Co.,Ltd.",Standard,Electric Power and Gas,-,False
7164.T,7164,"ZENKOKU HOSHO Co.,Ltd.",Prime,Other Financing Business,TOPIX Mid400,True
7167.T,7167,"Mebuki Financial Group,Inc.",Prime,Banks,TOPIX Mid400,True
7172.T,7172,"Japan Investment Adviser Co.,Ltd.",Prime,Securities and Commodities Futures,TOPIX Small 1,True
7173.T,7173,"Tokyo Kiraboshi Financial Group,Inc.",Prime,Banks,TOPIX Small 1,True
7175.T,7175,"The Imamura Securities Co.,Ltd.",Standard,Securities and Commodities Futures,-,False
7177.T,7177,"GMO Financial Holdings,Inc.",Standard,Securities and Commodities Futures,-,False
7180.T,7180,"Kyushu Financial Group,Inc.",Prime,Banks,TOPIX Mid400,True
7181.T,7181,"JAPAN POST INSURANCE Co.,Ltd.",Prime,Insurance,TOPIX Mid400,True
7182.T,7182,"JAPAN POST BANK Co.,Ltd.",Prime,Banks,TOPIX Large70,True
7183.T,7183,"Anshin Guarantor Service Co.,Ltd.",Standard,Other Financing Business,-,False
7184.T,7184,"THE FIRST BANK OF TOYAMA,LTD.",Prime,Banks,TOPIX Small 1,True
7185.T,7185,Hirose Tusyo Inc.,Standard,Securities and Commodities Futures,-,False
7186.T,7186,"Yokohama Financial Group,Inc.",Prime,Banks,TOPIX Mid400,True
7187.T,7187,"J-LEASE CO.,LTD.",Prime,Other Financing Business,TOPIX Small 2,True
7189.T,7189,"Nishi-Nippon Financial Holdings,Inc.",Prime,Banks,TOPIX Mid400,True
7191.T,7191,Entrust Inc.,Standard,Other Financing Business,-,False
7192.T,7192,Mortgage Service Japan Limited,Standard,Other Financing Business,-,False
7196.T,7196,Casa Inc.,Standard,Other Financing Business,-,False
7198.T,7198,SBI ARUHI Corporation,Prime,Other Financing Business,TOPIX Small 2,True
7199.T,7199,"Premium Group Co.,Ltd.",Prime,Other Financing Business,TOPIX Small 1,True
7201.T,7201,"NISSAN MOTOR CO.,LTD.",Prime,Transportation Equipment,TOPIX Mid400,True
7202.T,7202,ISUZU MOTORS LIMITED,Prime,Transportation Equipment,TOPIX Mid400,True
7203.T,7203,TOYOTA MOTOR CORPORATION,Prime,Transportation Equipment,TOPIX Core30,True
7208.T,7208,KANEMITSU CORPORATION,Standard,Transportation Equipment,-,False
7211.T,7211,MITSUBISHI MOTORS CORPORATION,Prime,Transportation Equipment,TOPIX Mid400,True
7212.T,7212,F-TECH INC.,Standard,Transportation Equipment,-,False
7213.T,7213,LECIP HOLDINGS CORPORATION,Standard,Transportation Equipment,-,False
7214.T,7214,GMB CORPORATION,Standard,Transportation Equipment,-,False
7215.T,7215,"FALTEC Co.,Ltd.",Standard,Transportation Equipment,-,False
7217.T,7217,"TEIN,INC.",Standard,Transportation Equipment,-,False
7218.T,7218,"TANAKA SEIMITSU KOGYO CO.,LTD.",Standard,Transportation Equipment,-,False
7219.T,7219,"HKS CO.,LTD.",Standard,Transportation Equipment,-,False
7220.T,7220,"MUSASHI SEIMITSU INDUSTRY CO.,LTD.",Prime,Transportation Equipment,TOPIX Small 1,True
7222.T,7222,"NISSAN SHATAI CO.,LTD.",Standard,Transportation Equipment,TOPIX Small 2,False
7224.T,7224,"ShinMaywa Industries,LTD.",Prime,Transportation Equipment,TOPIX Small 1,True
7226.T,7226,"KYOKUTO KAIHATSU KOGYO CO.,LTD.",Prime,Transportation Equipment,TOPIX Small 1,True
7228.T,7228,DAYTONA CORPORATION,Standard,Transportation Equipment,-,False
7231.T,7231,"TOPY INDUSTRIES,LIMITED",Prime,Transportation Equipment,TOPIX Small 2,True
7235.T,7235,"TOKYO RADIATOR MFG.CO.,LTD.",Standard,Transportation Equipment,-,False
7236.T,7236,"T.RAD Co., Ltd.",Prime,Transportation Equipment,TOPIX Small 2,True
7238.T,7238,"AKEBONO BRAKE INDUSTRY CO.,LTD.",Prime,Transportation Equipment,TOPIX Small 2,True
7239.T,7239,"TACHI-S CO.,LTD.",Prime,Transportation Equipment,TOPIX Small 1,True
7240.T,7240,NOK CORPORATION,Prime,Transportation Equipment,TOPIX Mid400,True
7241.T,7241,"FUTABA INDUSTRIAL CO.,LTD.",Prime,Transportation Equipment,TOPIX Small 1,True
7242.T,7242,KYB Corporation,Prime,Transportation Equipment,TOPIX Small 1,True
7244.T,7244,"ICHIKOH INDUSTRIES,LTD.",Prime,Electric Appliances,TOPIX Small 2,True
7245.T,7245,"DAIDO METAL CO.,LTD.",Prime,Transportation Equipment,TOPIX Small 2,True
7246.T,7246,"PRESS KOGYO CO.,LTD.",Prime,Transportation Equipment,TOPIX Small 1,True
7247.T,7247,MIKUNI CORPORATION,Standard,Transportation Equipment,-,False
7254.T,7254,UNIVANCE CORPORATION,Standard,Transportation Equipment,-,False
7255.T,7255,SAKURAI LTD.,Standard,Transportation Equipment,-,False
7256.T,7256,"KASAI KOGYO CO.,LTD.",Standard,Transportation Equipment,-,False
7259.T,7259,AISIN CORPORATION,Prime,Transportation Equipment,TOPIX Mid400,True
7261.T,7261,Mazda Motor Corporation,Prime,Transportation Equipment,TOPIX Mid400,True
7264.T,7264,MURO CORPORATION,Standard,Transportation Equipment,-,False
7265.T,7265,"EIKEN INDUSTRIES CO.,LTD",Standard,Transportation Equipment,-,False
7266.T,7266,"Imasen Electric Industrial Co.,Ltd.",Standard,Transportation Equipment,-,False
7267.T,7267,"HONDA MOTOR CO.,LTD.",Prime,Transportation Equipment,TOPIX Core30,True
7269.T,7269,SUZUKI MOTOR CORPORATION,Prime,Transportation Equipment,TOPIX Large70,True
7270.T,7270,SUBARU CORPORATION,Prime,Transportation Equipment,TOPIX Large70,True
7271.T,7271,YASUNAGA CORPORATION,Standard,Transportation Equipment,-,False
7272.T,7272,"Yamaha Motor Co.,Ltd.",Prime,Transportation Equipment,TOPIX Mid400,True
7273.T,7273,"IKUYO CO.,LTD.",Standard,Transportation Equipment,-,False
7276.T,7276,"KOITO MANUFACTURING CO.,LTD.",Prime,Electric Appliances,TOPIX Mid400,True
7277.T,7277,"TBK Co.,Ltd.",Standard,Transportation Equipment,-,False
7278.T,7278,EXEDY Corporation,Prime,Transportation Equipment,TOPIX Small 1,True
7279.T,7279,HI-LEX CORPORATION,Standard,Transportation Equipment,-,False
7280.T,7280,MITSUBA Corporation,Prime,Electric Appliances,TOPIX Small 1,True
7282.T,7282,"TOYODA GOSEI CO.,LTD.",Prime,Transportation Equipment,TOPIX Mid400,True
7283.T,7283,"AISAN INDUSTRY CO.,LTD.",Prime,Transportation Equipment,TOPIX Small 1,True
7284.T,7284,"MEIWA INDUSTRY CO.,LTD.",Standard,Transportation Equipment,-,False
7287.T,7287,"NIPPON SEIKI CO.,LTD.",Standard,Transportation Equipment,-,False
7291.T,7291,"NIHON PLAST CO.,LTD.",Standard,Transportation Equipment,-,False
7292.T,7292,MURAKAMI CORPORATION,Standard,Transportation Equipment,-,False
7294.T,7294,YOROZU CORPORATION,Prime,Transportation Equipment,TOPIX Small 2,True
7296.T,7296,"F.C.C.CO.,LTD.",Prime,Transportation Equipment,TOPIX Small 1,True
7297.T,7297,"CAR MATE MFG. CO.,LTD.",Standard,Transportation Equipment,-,False
7299.T,7299,FUJI OOZX Inc.,Standard,Transportation Equipment,-,False
7305.T,7305,"ARAYA INDUSTRIAL CO.,LTD.",Standard,Iron and Steel,-,False
7309.T,7309,SHIMANO INC.,Prime,Transportation Equipment,TOPIX Large70,True
7313.T,7313,"TS TECH CO.,LTD.",Prime,Transportation Equipment,TOPIX Mid400,True
7314.T,7314,"ODAWARA AUTO-MACHINE MFG.CO.,LTD.",Standard,Transportation Equipment,-,False
7318.T,7318,"SERENDIP HOLDINGS Co.,Ltd.",Growth,Transportation Equipment,-,False
7320.T,7320,Solvvy Inc.,Growth,Other Financing Business,-,False
7322.T,7322,"San ju San Financial Group,Inc.",Prime,Banks,TOPIX Small 2,True
7325.T,7325,IRRC Corporation,Growth,Insurance,-,False
7326.T,7326,"SBI Insurance Group Co.,Ltd.",Growth,Insurance,-,False
7327.T,7327,"Daishi Hokuetsu Financial Group,Inc.",Prime,Banks,TOPIX Small 1,True
7337.T,7337,"Hirogin Holdings,Inc.",Prime,Banks,TOPIX Mid400,True
7343.T,7343,"Broad-Minded Co.,Ltd.",Growth,Insurance,-,False
7345.T,7345,Ai Partners Financial Inc.,Growth,Other Financing Business,-,False
7347.T,7347,"Mercuria Holdings Co.,Ltd.",Prime,Securities and Commodities Futures,-,True
7350.T,7350,"Okinawa Financial Group,Inc.",Prime,Banks,TOPIX Small 1,True
7351.T,7351,Goodpatch Inc.,Growth,Services,-,False
7352.T,7352,TWOSTONE&Sons Inc.,Growth,Services,-,False
7353.T,7353,"KIYO Learning Co.,Ltd.",Growth,Services,-,False
7354.T,7354,Direct Marketing MiX Inc.,Standard,Services,TOPIX Small 2,False
7356.T,7356,Retty Inc.,Growth,Services,-,False
7357.T,7357,"GEOCODE CO.,Ltd.",Standard,Services,-,False
7358.T,7358,Poppins Corporation,Standard,Services,TOPIX Small 2,False
7359.T,7359,"Tokyo Communications Group,Inc.",Growth,Services,-,False
7360.T,7360,"ONDECK Co.,Ltd.",Growth,Services,-,False
7361.T,7361,"Human Creation Holdings,Inc.",Growth,Services,-,False
7362.T,7362,Terminalcare Support Institute Inc.,Growth,Services,-,False
7363.T,7363,baby calendar Inc.,Growth,Services,-,False
7366.T,7366,LITALICO Inc.,Prime,Services,TOPIX Small 2,True
7367.T,7367,"CELM,Inc.",Standard,Services,-,False
7368.T,7368,"HYOJITO Co.,Ltd.",Standard,Services,-,False
7369.T,7369,"Meiho Holdings,Inc.",Growth,Services,-,False
7370.T,7370,"Enjin Co.,Ltd.",Growth,Services,-,False
7371.T,7371,Zenken Corporation,Growth,Services,-,False
7372.T,7372,Decollte Holdings Corporation,Growth,Services,-,False
7373.T,7373,"Aidma Holdings,Inc.",Growth,Services,-,False
7374.T,7374,Interworks Confidence Inc.,Growth,Services,-,False
7375.T,7375,"REFINVERSE Group,Inc.",Growth,Services,-,False
7376.T,7376,"BCC Co.,Ltd.",Growth,Services,-,False
7377.T,7377,"DN HOLDINGS CO.,LTD.",Standard,Services,-,False
7378.T,7378,ASIRO Inc.,Growth,Services,-,False
7380.T,7380,"Juroku Financial Group,Inc.",Prime,Banks,TOPIX Small 1,True
7381.T,7381,"CCI Group,Inc.",Prime,Banks,TOPIX Small 1,True
7383.T,7383,"Net Protections Holdings,Inc.",Prime,Other Financing Business,TOPIX Small 1,True
7384.T,7384,"Procrea Holdings,Inc.",Prime,Banks,TOPIX Small 2,True
7388.T,7388,FP Partner Inc.,Prime,Insurance,TOPIX Small 2,True
7389.T,7389,"Aichi Financial Group,Inc.",Prime,Banks,TOPIX Small 1,True
7399.T,7399,"NANSIN CO.,LTD.",Standard,Transportation Equipment,-,False
7409.T,7409,"AeroEdge Co.,Ltd",Growth,Transportation Equipment,-,False
7412.T,7412,ATOM CORPORATION,Standard,Retail Trade,-,False
7413.T,7413,"Sokensha Co.,Ltd.",Standard,Wholesale Trade,-,False
7414.T,7414,"ONOKEN CO.,LTD.",Prime,Wholesale Trade,TOPIX Small 2,True
7416.T,7416,Haruyama Holdings Inc.,Standard,Retail Trade,-,False
7417.T,7417,NANYO CORPORATION,Standard,Wholesale Trade,-,False
7419.T,7419,"Nojima Co.,Ltd.",Prime,Retail Trade,TOPIX Small 1,True
7421.T,7421,"KAPPA・CREATE CO.,LTD.",Prime,Retail Trade,TOPIX Small 1,True
7422.T,7422,"TOHO LAMAC CO.,LTD.",Standard,Wholesale Trade,-,False
7425.T,7425,"HATSUHO SHOUJI CO.,LTD.",Standard,Wholesale Trade,-,False
7426.T,7426,Yamadai Corporation,Standard,Wholesale Trade,-,False
7427.T,7427,"ECHO TRADING CO.,LTD.",Standard,Wholesale Trade,-,False
7433.T,7433,"Hakuto Co.,Ltd.",Prime,Wholesale Trade,TOPIX Small 1,True
7434.T,7434,OTAKE CORPORATION,Standard,Wholesale Trade,-,False
7435.T,7435,"NADEX CO.,LTD.",Standard,Wholesale Trade,-,False
7438.T,7438,KONDOTEC INC.,Prime,Wholesale Trade,TOPIX Small 2,True
7442.T,7442,"NAKAYAMAFUKU CO.,LTD.",Standard,Wholesale Trade,-,False
7443.T,7443,"YOKOHAMA GYORUI CO.,LTD.",Standard,Wholesale Trade,-,False
7444.T,7444,"Harima-Kyowa Co.,LTD.",Standard,Wholesale Trade,-,False
7446.T,7446,"TOHOKU CHEMICAL Co.,LTD.",Standard,Wholesale Trade,-,False
7447.T,7447,"NAGAILEBEN Co.,Ltd.",Prime,Wholesale Trade,TOPIX Small 2,True
7453.T,7453,"RYOHIN KEIKAKU CO.,LTD.",Prime,Retail Trade,TOPIX Mid400,True
7456.T,7456,"MATSUDA SANGYO Co.,Ltd.",Prime,Wholesale Trade,TOPIX Small 1,True
7458.T,7458,"DAIICHIKOSHO CO.,LTD.",Prime,Wholesale Trade,TOPIX Mid400,True
7459.T,7459,MEDIPAL HOLDINGS CORPORATION,Prime,Wholesale Trade,TOPIX Mid400,True
7460.T,7460,"YAGI & CO.,LTD.",Standard,Wholesale Trade,-,False
7461.T,7461,"KIMURA CO.,LTD.",Standard,Wholesale Trade,-,False
7462.T,7462,CAPITA Inc.,Standard,Retail Trade,-,False
7463.T,7463,"ADVAN GROUP CO.,LTD.",Standard,Retail Trade,TOPIX Small 2,False
7464.T,7464,"SAFTEC CO.,LTD.",Standard,Wholesale Trade,-,False
7466.T,7466,SPK CORPORATION,Prime,Wholesale Trade,TOPIX Small 2,True
7472.T,7472,"TOBA,INC.",Standard,Wholesale Trade,-,False
7475.T,7475,"ALBIS Co.,Ltd.",Prime,Retail Trade,TOPIX Small 2,True
7476.T,7476,AS ONE CORPORATION,Prime,Wholesale Trade,TOPIX Mid400,True
7477.T,7477,MURAKI CORPORATION,Standard,Wholesale Trade,-,False
7480.T,7480,SUZUDEN CORPORATION,Standard,Wholesale Trade,TOPIX Small 2,False
7481.T,7481,"OIE SANGYO CO.,LTD.",Standard,Wholesale Trade,-,False
7482.T,7482,"SHIMOJIMA Co.,Ltd.",Prime,Wholesale Trade,TOPIX Small 2,True
7483.T,7483,"DOSHISHA CO.,LTD.",Prime,Wholesale Trade,TOPIX Small 2,True
7486.T,7486,"SANRIN CO.,LTD.",Standard,Wholesale Trade,-,False
7487.T,7487,OZU CORPORATION,Standard,Wholesale Trade,-,False
7490.T,7490,"NISSIN SHOJI CO.,LTD.",Standard,Wholesale Trade,-,False
7494.T,7494,"KONAKA CO.,LTD.",Standard,Retail Trade,-,False
7500.T,7500,"NISHIKAWA KEISOKU Co.,Ltd.",Standard,Wholesale Trade,-,False
7501.T,7501,TIEMCO LTD.,Standard,Wholesale Trade,-,False
7502.T,7502,"PLAZA HOLDINGS CO.,LTD.",Standard,Services,-,False
7504.T,7504,KOHSOKU CORPORATION,Prime,Wholesale Trade,TOPIX Small 2,True
7505.T,7505,"FUSO DENTSU CO.,LTD.",Standard,Wholesale Trade,-,False
7506.T,7506,"HOUSE OF ROSE Co.,Ltd.",Standard,Retail Trade,-,False
7508.T,7508,G-7 HOLDINGS Inc.,Prime,Retail Trade,TOPIX Small 2,True
7509.T,7509,I.A GROUP CORPORATION,Standard,Retail Trade,-,False
7510.T,7510,TAKEBISHI CORPORATION,Prime,Wholesale Trade,TOPIX Small 2,True
7512.T,7512,Aeon Hokkaido Corporation,Standard,Retail Trade,TOPIX Small 1,False
7513.T,7513,"Kojima Co.,Ltd.",Prime,Retail Trade,TOPIX Small 1,True
7514.T,7514,"HIMARAYA Co.,Ltd.",Standard,Retail Trade,-,False
7515.T,7515,Maruyoshi Center Inc.,Standard,Retail Trade,-,False
7516.T,7516,"KOHNAN SHOJI CO.,LTD.",Prime,Retail Trade,TOPIX Small 1,True
7520.T,7520,"Eco's Co.,Ltd.",Prime,Retail Trade,TOPIX Small 2,True
7521.T,7521,"MUSASHI CO.,LTD.",Standard,Wholesale Trade,-,False
7522.T,7522,"WATAMI CO.,LTD.",Prime,Retail Trade,TOPIX Small 2,True
7523.T,7523,"ART VIVANT CO.,LTD.",Standard,Retail Trade,-,False
7524.T,7524,MARCHE CORPORATION,Standard,Retail Trade,-,False
7525.T,7525,RIX CORPORATION,Prime,Wholesale Trade,TOPIX Small 2,True
7527.T,7527,SystemSoft Corporation,Standard,Information & Communication,TOPIX Small 2,False
7531.T,7531,SEIWA CHUO HOLDINGS CORPORATION,Standard,Wholesale Trade,-,False
7532.T,7532,Pan Pacific International Holdings Corporation,Prime,Retail Trade,TOPIX Mid400,True
7537.T,7537,MARUBUN CORPORATION,Prime,Wholesale Trade,TOPIX Small 2,True
7538.T,7538,"DAISUI CO.,LTD.",Standard,Wholesale Trade,-,False
7539.T,7539,"AINAVO HOLDINGS Co.,Ltd.",Standard,Wholesale Trade,-,False
7544.T,7544,"Three F Co.,Ltd.",Standard,Retail Trade,-,False
7545.T,7545,"NISHIMATSUYA CHAIN Co.,Ltd.",Prime,Retail Trade,TOPIX Small 1,True
7550.T,7550,"ZENSHO HOLDINGS CO.,LTD.",Prime,Retail Trade,TOPIX Mid400,True
7551.T,7551,"WEDS CO.,LTD.",Standard,Transportation Equipment,-,False
7552.T,7552,HAPPINET CORPORATION,Prime,Wholesale Trade,TOPIX Small 1,True
7554.T,7554,KOURAKUEN CORPORATION,Prime,Retail Trade,TOPIX Small 2,True
7555.T,7555,"Ota Floriculture Auction Co.,Ltd.",Standard,Wholesale Trade,-,False
7561.T,7561,HURXLEY HOLDINGS CORPORATION,Standard,Retail Trade,-,False
7562.T,7562,"ANRAKUTEI Co.,Ltd",Standard,Retail Trade,-,False
7564.T,7564,"WORKMAN CO.,LTD.",Standard,Retail Trade,-,False
7565.T,7565,MANSEI CORPORATION,Standard,Wholesale Trade,-,False
7567.T,7567,SAKAE ELECTRONICS CORPORATION,Standard,Wholesale Trade,-,False
7570.T,7570,"HASHIMOTO SOGYO HOLDINGS CO.,LTD.",Standard,Wholesale Trade,TOPIX Small 2,False
7571.T,7571,YAMANO HOLDINGS CORPORATION,Standard,Retail Trade,-,False
7575.T,7575,"Japan Lifeline Co.,Ltd.",Prime,Wholesale Trade,TOPIX Small 1,True
7578.T,7578,"NICHIRYOKU CO.,LTD.",Standard,Retail Trade,-,False
7581.T,7581,"SAIZERIYA CO.,LTD.",Prime,Retail Trade,TOPIX Small 1,True
7585.T,7585,KAN-NANMARU CORPORATION,Standard,Retail Trade,-,False
7590.T,7590,"TAKASHO CO.,LTD.",Standard,Wholesale Trade,TOPIX Small 2,False
7593.T,7593,"VT HOLDINGS CO.,LTD.",Prime,Retail Trade,TOPIX Small 1,True
7595.T,7595,ARGO GRAPHICS Inc.,Prime,Information & Communication,TOPIX Small 1,True
7596.T,7596,"UORIKI CO.,LTD.",Prime,Retail Trade,TOPIX Small 2,True
7599.T,7599,IDOM Inc.,Prime,Wholesale Trade,TOPIX Small 1,True
7600.T,7600,"Japan Medical Dynamic Marketing,INC.",Prime,Precision Instruments,TOPIX Small 2,True
7601.T,7601,"POPLAR CO.,Ltd.",Standard,Retail Trade,-,False
7602.T,7602,"Ledax Co.,Ltd.",Standard,Wholesale Trade,-,False
7603.T,7603,"Gyet Co.,Ltd.",Standard,Retail Trade,-,False
7604.T,7604,"UMENOHANA GROUP CO.,LTD.",Standard,Retail Trade,-,False
7606.T,7606,UNITED ARROWS LTD.,Prime,Retail Trade,TOPIX Small 1,True
7607.T,7607,"Shinwa Co.,Ltd.",Prime,Wholesale Trade,TOPIX Small 2,True
7608.T,7608,"SK JAPAN CO.,LTD.",Standard,Wholesale Trade,-,False
7609.T,7609,"Daitron Co.,Ltd.",Prime,Wholesale Trade,TOPIX Small 2,True
7610.T,7610,"TAY TWO CO.,LTD.",Standard,Retail Trade,-,False
7611.T,7611,HIDAY HIDAKA Corp.,Prime,Retail Trade,TOPIX Small 1,True
7613.T,7613,SIIX CORPORATION,Prime,Wholesale Trade,TOPIX Small 1,True
7614.T,7614,"OM2Network Co.,Ltd.",Standard,Retail Trade,-,False
7615.T,7615,"KYOTO KIMONO YUZEN HOLDINGS Co.,Ltd.",Standard,Retail Trade,-,False
7616.T,7616,"COLOWIDE CO.,LTD.",Prime,Retail Trade,TOPIX Mid400,True
7619.T,7619,"TANAKA CO.,LTD.",Standard,Wholesale Trade,-,False
7621.T,7621,"UKAI CO.,LTD.",Standard,Retail Trade,-,False
7624.T,7624,"Naito & Co.,Ltd.",Standard,Wholesale Trade,-,False
7625.T,7625,"GLOBAL-DINING,INC.",Standard,Retail Trade,-,False
7628.T,7628,OHASHI TECHNICA INC.,Prime,Wholesale Trade,TOPIX Small 2,True
7630.T,7630,"ICHIBANYA CO.,LTD.",Prime,Retail Trade,TOPIX Small 1,True
7634.T,7634,"HOSHIIRYO-SANKI CO.,LTD.",Standard,Wholesale Trade,-,False
7636.T,7636,"HANDSMAN CO.,LTD",Standard,Retail Trade,-,False
7637.T,7637,"Hakudo Co.,Ltd.",Prime,Wholesale Trade,TOPIX Small 2,True
7638.T,7638,"NEW ART HOLDINGS Co.,Ltd.",Standard,Retail Trade,-,False
7640.T,7640,"TOP CULTURE Co.,Ltd.",Standard,Retail Trade,-,False
7643.T,7643,"DAIICHI CO.,LTD.",Standard,Retail Trade,-,False
7646.T,7646,"PLANT Co.,Ltd.",Standard,Retail Trade,-,False
7649.T,7649,"SUGI HOLDINGS Co.,LTD.",Prime,Retail Trade,TOPIX Mid400,True
7670.T,7670,O-WELL CORPORATION,Standard,Wholesale Trade,-,False
7673.T,7673,"DAIKO TSUSAN CO.,LTD.",Standard,Wholesale Trade,-,False
7674.T,7674,"NATTY SWANKY holdings Co.,Ltd.",Growth,Retail Trade,-,False
7677.T,7677,"Yashima & Co.,Ltd.",Standard,Wholesale Trade,-,False
7678.T,7678,"ASAKUMA CO.,LTD.",Standard,Retail Trade,-,False
7679.T,7679,"YAKUODO HOLDINGS Co.,Ltd.",Prime,Retail Trade,TOPIX Small 2,True
7681.T,7681,"LEOCLAN Co.,Ltd.",Standard,Wholesale Trade,-,False
7682.T,7682,"HAMAYUU CO.,LTD.",Standard,Retail Trade,-,False
7683.T,7683,"WA,Inc.",Prime,Retail Trade,TOPIX Small 2,True
7685.T,7685,"BuySell Technologies Co.,Ltd.",Growth,Wholesale Trade,-,False
7686.T,7686,"HitoMile Co.,Ltd.",Standard,Retail Trade,-,False
7687.T,7687,"MICREED Co.,Ltd.",Growth,Wholesale Trade,-,False
7689.T,7689,Copa Corporation Inc.,Growth,Wholesale Trade,-,False
7692.T,7692,EARTH INFINITY CO.LTD.,Standard,Electric Power and Gas,-,False
7694.T,7694,itsumo.inc.,Growth,Retail Trade,-,False
7695.T,7695,"Koukandekirukun,Inc.",Growth,Retail Trade,-,False
7698.T,7698,Iceco Inc.,Standard,Wholesale Trade,-,False
7701.T,7701,Shimadzu Corporation,Prime,Precision Instruments,TOPIX Mid400,True
7702.T,7702,"JMS CO.,LTD.",Standard,Precision Instruments,TOPIX Small 2,False
7707.T,7707,"Precision System Science Co.,Ltd.",Growth,Precision Instruments,-,False
7709.T,7709,KUBOTEK CORPORATION,Standard,Precision Instruments,-,False
7711.T,7711,"SUKEGAWA ELECTRIC CO.,LTD.",Standard,Precision Instruments,-,False
7713.T,7713,"SIGMA KOKI CO.,LTD.",Standard,Precision Instruments,-,False
7715.T,7715,"NAGANO KEIKI CO.,LTD.",Prime,Precision Instruments,TOPIX Small 2,True
7716.T,7716,NAKANISHI INC.,Standard,Precision Instruments,-,False
7717.T,7717,"V Technology Co.,Ltd.",Prime,Precision Instruments,TOPIX Small 2,True
7719.T,7719,TOKYO KOKI CO.LTD.,Standard,Precision Instruments,-,False
7721.T,7721,TOKYO KEIKI INC.,Prime,Precision Instruments,TOPIX Small 1,True
7722.T,7722,"KOKUSAI CO.,LTD.",Standard,Precision Instruments,-,False
7723.T,7723,"Aichi Tokei Denki Co.,Ltd.",Prime,Precision Instruments,TOPIX Small 2,True
7725.T,7725,INTER ACTION Corporation,Prime,Precision Instruments,TOPIX Small 2,True
7726.T,7726,KURODA PRECISION INDUSTRIES LTD.,Standard,Machinery,-,False
7727.T,7727,OVAL Corporation,Standard,Precision Instruments,-,False
7729.T,7729,"TOKYO SEIMITSU CO.,LTD.",Prime,Precision Instruments,TOPIX Mid400,True
7730.T,7730,"MANI,INC.",Prime,Precision Instruments,TOPIX Small 1,True
7731.T,7731,NIKON CORPORATION,Prime,Precision Instruments,TOPIX Mid400,True
7733.T,7733,OLYMPUS CORPORATION,Prime,Precision Instruments,TOPIX Large70,True
7734.T,7734,"RIKEN KEIKI CO.,LTD.",Prime,Precision Instruments,TOPIX Small 1,True
7735.T,7735,"SCREEN Holdings Co.,Ltd.",Prime,Electric Appliances,TOPIX Mid400,True
7740.T,7740,"Tamron Co.,Ltd.",Prime,Precision Instruments,TOPIX Small 1,True
7741.T,7741,HOYA CORPORATION,Prime,Precision Instruments,TOPIX Core30,True
7743.T,7743,"SEED CO.,LTD.",Standard,Precision Instruments,-,False
7744.T,7744,"Noritsu Koki Co.,Ltd.",Prime,Precision Instruments,TOPIX Small 1,True
7745.T,7745,"A&D HOLON Holdings Company,Limited",Prime,Precision Instruments,TOPIX Small 1,True
7746.T,7746,"OKAMOTO GLASS CO.,LTD.",Standard,Precision Instruments,-,False
7747.T,7747,"ASAHI INTECC CO.,LTD.",Prime,Precision Instruments,TOPIX Mid400,True
7749.T,7749,"MEDIKIT CO.,LTD.",Standard,Precision Instruments,-,False
7751.T,7751,CANON INC.,Prime,Electric Appliances,TOPIX Large70,True
7752.T,7752,"RICOH COMPANY,LTD.",Prime,Electric Appliances,TOPIX Mid400,True
7760.T,7760,IMV CORPORATION,Standard,Precision Instruments,-,False
7762.T,7762,"Citizen Watch Co.,Ltd.",Prime,Precision Instruments,TOPIX Small 1,True
7769.T,7769,"RHYTHM CO.,LTD.",Prime,Precision Instruments,-,True
7771.T,7771,"Nihon Seimitsu Co.,Ltd.",Standard,Precision Instruments,-,False
7774.T,7774,"Japan Tissue Engineering Co.,Ltd.",Growth,Precision Instruments,-,False
7775.T,7775,"DAIKEN MEDICAL CO.,LTD.",Standard,Precision Instruments,-,False
7776.T,7776,CellSeed Inc.,Growth,Precision Instruments,-,False
7777.T,7777,"3-D Matrix,Ltd.",Growth,Precision Instruments,-,False
7779.T,7779,"CYBERDYNE,INC.",Growth,Precision Instruments,-,False
7780.T,7780,"Menicon Co.,Ltd.",Prime,Precision Instruments,TOPIX Small 1,True
7781.T,7781,"HIRAYAMA HOLDINGS Co.,Ltd.",Standard,Precision Instruments,-,False
7782.T,7782,"Sincere Co.,LTD.",Standard,Precision Instruments,-,False
7791.T,7791,"DREAMBED CO.,LTD.",Standard,Other Products,-,False
7792.T,7792,"Colan Totte.Co.,Ltd.",Growth,Other Products,-,False
7793.T,7793,IMAGE MAGIC Inc.,Growth,Other Products,-,False
7794.T,7794,EDP Corporation,Growth,Other Products,-,False
7795.T,7795,"KYORITSU CO.,LTD.",Standard,Other Products,-,False
7800.T,7800,"Amifa Co.,Ltd.",Standard,Other Products,-,False
7803.T,7803,Bushiroad Inc.,Growth,Other Products,-,False
7804.T,7804,"B&P Co.,Ltd.",Standard,Other Products,-,False
7805.T,7805,PRINTNET INC.,Standard,Other Products,-,False
7806.T,7806,"MTG Co.,Ltd.",Growth,Other Products,-,False
7807.T,7807,"KOWA CO.,LTD.",Standard,Other Products,-,False
7808.T,7808,"C.S. LUMBER CO.,INC",Standard,Other Products,-,False
7809.T,7809,"KOTOBUKIYA CO.,LTD.",Standard,Other Products,-,False
7810.T,7810,"Crossfor Co.,Ltd.",Standard,Other Products,-,False
7811.T,7811,"NAKAMOTO PACKS CO.,LTD.",Standard,Other Products,-,False
7812.T,7812,CRESTEC Inc.,Standard,Other Products,-,False
7813.T,7813,"PLATZ Co.,Ltd.",Standard,Other Products,-,False
7814.T,7814,"JAPAN Creative Platform Group Co.,Ltd.",Standard,Other Products,-,False
7815.T,7815,"TOKYO BOARD INDUSTRIES CO.,LTD.",Standard,Other Products,-,False
7818.T,7818,"TRANSACTION CO.,Ltd.",Prime,Other Products,TOPIX Small 2,True
7819.T,7819,SHOBIDO Corporation,Standard,Other Products,-,False
7820.T,7820,"NIHON FLUSH CO.,LTD.",Prime,Other Products,TOPIX Small 2,True
7821.T,7821,"MAEDA KOSEN CO.,LTD.",Prime,Other Products,TOPIX Small 1,True
7822.T,7822,"Eidai Co.,Ltd.",Standard,Other Products,-,False
7823.T,7823,ARTNATURE INC.,Standard,Other Products,TOPIX Small 2,False
7826.T,7826,"FURUYA METAL CO.,LTD.",Prime,Other Products,TOPIX Small 1,True
7827.T,7827,ORVIS CORPORATION,Standard,Other Products,-,False
7831.T,7831,Wellco Holdings Corporation,Standard,Other Products,-,False
7832.T,7832,Bandai Namco Holdings Inc.,Prime,Other Products,TOPIX Large70,True
7833.T,7833,IFIS JAPAN LTD.,Standard,Other Products,-,False
7836.T,7836,"AVIX,Inc.",Standard,Other Products,-,False
7837.T,7837,"R.C.CORE CO.,LTD.",Standard,Other Products,-,False
7839.T,7839,"SHOEI CO.,LTD.",Prime,Other Products,TOPIX Small 1,True
7840.T,7840,"FRANCE BED HOLDINGS CO.,LTD.",Prime,Other Products,TOPIX Small 2,True
7841.T,7841,"ENDO MANUFACTURING CO.,LTD.",Standard,Other Products,-,False
7844.T,7844,Marvelous Inc.,Prime,Information & Communication,TOPIX Small 2,True
7846.T,7846,PILOT CORPORATION,Prime,Other Products,TOPIX Mid400,True
7847.T,7847,GRAPHITE DESIGN INC.,Standard,Other Products,-,False
7849.T,7849,Starts Publishing Corporation,Standard,Information & Communication,-,False
7850.T,7850,"SOUGOU SHOUKEN CO.,LTD.",Standard,Other Products,-,False
7851.T,7851,"KAWASE COMPUTER SUPPLIES CO.,LTD.",Standard,Other Products,-,False
7856.T,7856,HAGIHARA INDUSTRIES INC.,Prime,Other Products,TOPIX Small 2,True
7857.T,7857,"SEKI CO.,LTD.",Standard,Other Products,-,False
7859.T,7859,ALMEDIO INC.,Standard,Other Products,-,False
7860.T,7860,Avex Inc.,Prime,Information & Communication,TOPIX Small 1,True
7863.T,7863,"HIRAGA CO.,LTD.",Standard,Other Products,-,False
7864.T,7864,"FUJI SEAL INTERNATIONAL,INC.",Prime,Other Products,TOPIX Small 1,True
7865.T,7865,"People Co.,Ltd.",Standard,Other Products,-,False
7867.T,7867,"TOMY COMPANY,LTD.",Prime,Other Products,TOPIX Mid400,True
7868.T,7868,"KOSAIDO Holdings Co.,Ltd.",Prime,Other Products,TOPIX Small 2,True
7871.T,7871,"FUKUVI CHEMICAL INDUSTRY CO.,LTD.",Standard,Chemicals,-,False
7872.T,7872,"ESTELLE HOLDINGS CO.,LTD.",Standard,Other Products,-,False
7874.T,7874,"LEC,INC.",Prime,Chemicals,TOPIX Small 2,True
7875.T,7875,"TAKEDA iP HOLDINGS CO.,LTD.",Standard,Other Products,-,False
7877.T,7877,"EIDAI KAKO CO.,LTD.",Standard,Chemicals,-,False
7878.T,7878,"Kohsai Co.,Ltd.",Standard,Other Products,-,False
7879.T,7879,NODA CORPORATION,Standard,Other Products,-,False
7883.T,7883,"Sun Messe Co.,Ltd.",Standard,Other Products,-,False
7885.T,7885,"TAKANO Co.,Ltd.",Standard,Other Products,-,False
7886.T,7886,"YAMATO Mobility & Mfg. Co.,Ltd.",Standard,Chemicals,-,False
7887.T,7887,"NANKAI PLYWOOD CO.,LTD.",Standard,Other Products,-,False
7888.T,7888,SANKO GOSEI LTD.,Prime,Chemicals,TOPIX Small 2,True
7893.T,7893,PRONEXUS INC.,Prime,Other Products,TOPIX Small 2,True
7896.T,7896,"SEVEN INDUSTRIES CO.,LTD.",Standard,Other Products,-,False
7897.T,7897,"HOKUSHIN CO.,LTD.",Standard,Other Products,-,False
7898.T,7898,"WOOD ONE CO.,LTD.",Standard,Other Products,-,False
7901.T,7901,MATSUMOTO INC.,Standard,Other Products,-,False
7902.T,7902,"SONOCOM CO.,LTD.",Standard,Other Products,-,False
7906.T,7906,"YONEX CO.,LTD.",Standard,Other Products,-,False
7908.T,7908,"KIMOTO CO.,LTD.",Standard,Chemicals,-,False
7911.T,7911,TOPPAN Holdings Inc.,Prime,Other Products,TOPIX Mid400,True
7912.T,7912,"Dai Nippon Printing Co.,Ltd.",Prime,Other Products,TOPIX Mid400,True
7914.T,7914,"Kyodo Printing Co.,Ltd.",Prime,Other Products,TOPIX Small 2,True
7915.T,7915,"Nissha Co.,Ltd.",Prime,Other Products,TOPIX Small 1,True
7916.T,7916,"MITSUMURA PRINTING CO.,LTD.",Standard,Other Products,-,False
7917.T,7917,ZACROS Corporation,Prime,Chemicals,TOPIX Small 2,True
7918.T,7918,"VIA Holdings,Inc.",Standard,Retail Trade,-,False
7919.T,7919,"Nozaki Insatsu Shigyo Co.,Ltd.",Standard,Other Products,-,False
7921.T,7921,TAKARA & COMPANY LTD.,Prime,Other Products,TOPIX Small 2,True
7927.T,7927,MUTO SEIKO CO.,Standard,Chemicals,-,False
7928.T,7928,"ASAHI KAGAKU KOGYO CO.,LTD.",Standard,Chemicals,-,False
7931.T,7931,"MIRAI INDUSTRY CO.,LTD.",Prime,Chemicals,TOPIX Small 2,True
7932.T,7932,"Nippi,Incorporated",Standard,Other Products,-,False
7936.T,7936,ASICS Corporation,Prime,Other Products,TOPIX Large70,True
7937.T,7937,"TSUTSUMI JEWELRY CO.,LTD.",Standard,Other Products,TOPIX Small 2,False
7938.T,7938,REGAL CORPORATION,Standard,Other Products,-,False
7939.T,7939,"KENSOH CO.,LTD.",Standard,Other Products,-,False
7942.T,7942,JSP Corporation,Prime,Chemicals,TOPIX Small 2,True
7943.T,7943,NICHIHA CORPORATION,Prime,Glass and Ceramics Products,TOPIX Small 1,True
7944.T,7944,Roland Corporation,Prime,Other Products,TOPIX Small 1,True
7946.T,7946,KOYOSHA INC.,Standard,Other Products,-,False
7947.T,7947,FP CORPORATION,Prime,Chemicals,TOPIX Small 1,True
7949.T,7949,"KOMATSU WALL INDUSTRY CO.,LTD.",Prime,Other Products,TOPIX Small 2,True
7951.T,7951,YAMAHA CORPORATION,Prime,Other Products,TOPIX Mid400,True
7952.T,7952,"Kawai Musical Instruments Manufacturing Co.,Ltd.",Prime,Other Products,TOPIX Small 2,True
7953.T,7953,"KIKUSUI CHEMICAL INDUSTRIES CO.,LTD.",Standard,Other Products,-,False
7955.T,7955,Cleanup Corporation,Prime,Other Products,TOPIX Small 2,True
7956.T,7956,PIGEON CORPORATION,Prime,Other Products,TOPIX Mid400,True
7957.T,7957,"FUJICOPIAN CO.,LTD.",Standard,Other Products,-,False
7962.T,7962,"KING JIM CO.,LTD.",Prime,Other Products,TOPIX Small 2,True
7963.T,7963,KOKEN LTD.,Standard,Other Products,-,False
7965.T,7965,Zojirushi Corporation,Prime,Electric Appliances,TOPIX Small 1,True
7966.T,7966,LINTEC Corporation,Prime,Other Products,TOPIX Small 1,True
7970.T,7970,"Shin-Etsu Polymer Co.,Ltd.",Prime,Chemicals,TOPIX Small 1,True
7971.T,7971,TOLI Corporation,Standard,Chemicals,-,False
7972.T,7972,ITOKI CORPORATION,Prime,Other Products,TOPIX Small 1,True
7974.T,7974,"Nintendo Co.,Ltd.",Prime,Other Products,TOPIX Core30,True
7975.T,7975,"LIHIT LAB.,INC.",Standard,Other Products,-,False
7976.T,7976,"MITSUBISHI PENCIL COMPANY,LIMITED",Prime,Other Products,TOPIX Small 1,True
7979.T,7979,SHOFU INC.,Prime,Precision Instruments,TOPIX Small 2,True
7980.T,7980,"SHIGEMATSU WORKS CO.,LTD.",Standard,Other Products,-,False
7981.T,7981,"TAKARA STANDARD CO.,LTD.",Prime,Other Products,TOPIX Small 1,True
7983.T,7983,Miroku Corporation,Standard,Other Products,-,False
7984.T,7984,"KOKUYO CO.,LTD.",Prime,Other Products,TOPIX Mid400,True
7985.T,7985,NEPON Inc.,Standard,Metal Products,-,False
7986.T,7986,"NIHON ISK Company,Limited",Standard,Other Products,-,False
7987.T,7987,"NAKABAYASHI CO.,LTD.",Standard,Other Products,TOPIX Small 2,False
7988.T,7988,NIFCO INC.,Prime,Chemicals,TOPIX Mid400,True
7989.T,7989,TACHIKAWA CORPORATION,Prime,Metal Products,TOPIX Small 2,True
7990.T,7990,"GLOBERIDE,Inc.",Prime,Other Products,TOPIX Small 1,True
7991.T,7991,"MAMIYA-OP CO.,LTD",Standard,Machinery,-,False
7992.T,7992,"The Sailor Pen Co.,Ltd.",Standard,Other Products,-,False
7994.T,7994,OKAMURA CORPORATION,Prime,Other Products,TOPIX Small 1,True
7995.T,7995,"VALQUA,LTD.",Prime,Chemicals,TOPIX Small 1,True
7997.T,7997,Kurogane Kosakusho Ltd.,Standard,Other Products,-,False
8001.T,8001,ITOCHU Corporation,Prime,Wholesale Trade,TOPIX Core30,True
8002.T,8002,Marubeni Corporation,Prime,Wholesale Trade,TOPIX Large70,True
8005.T,8005,Scroll Corporation,Prime,Retail Trade,TOPIX Small 2,True
8006.T,8006,"YUASA FUNASHOKU Co.,Ltd.",Standard,Wholesale Trade,-,False
8007.T,8007,"Takashima & Co.,Ltd.",Prime,Wholesale Trade,-,True
8008.T,8008,YONDOSHI HOLDINGS INC.,Prime,Retail Trade,TOPIX Small 1,True
8011.T,8011,SANYO SHOKAI LTD.,Prime,Textiles and Apparels,TOPIX Small 2,True
8012.T,8012,"NAGASE & CO.,LTD.",Prime,Wholesale Trade,TOPIX Mid400,True
8013.T,8013,"NAIGAI CO.,LTD.",Standard,Textiles and Apparels,-,False
8014.T,8014,"CHORI CO.,LTD.",Prime,Wholesale Trade,TOPIX Small 2,True
8015.T,8015,TOYOTA TSUSHO CORPORATION,Prime,Wholesale Trade,TOPIX Large70,True
8016.T,8016,"ONWARD HOLDINGS CO.,LTD.",Prime,Textiles and Apparels,TOPIX Small 1,True
8018.T,8018,"SANKYO SEIKO CO.,LTD.",Standard,Wholesale Trade,TOPIX Small 2,False
8020.T,8020,KANEMATSU CORPORATION,Prime,Wholesale Trade,TOPIX Mid400,True
8022.T,8022,Mizuno Corporation,Prime,Other Products,TOPIX Small 1,True
8023.T,8023,"DAIKO XTECH,LTD.",Standard,Information & Communication,-,False
8025.T,8025,"TSUKAMOTO CORPORATION CO.,LTD.",Standard,Wholesale Trade,-,False
8029.T,8029,LOOK HOLDINGS INCORPORATED,Standard,Textiles and Apparels,TOPIX Small 2,False
8030.T,8030,"Chuo Gyorui Co.,Ltd.",Standard,Wholesale Trade,-,False
8031.T,8031,"MITSUI & CO.,LTD.",Prime,Wholesale Trade,TOPIX Core30,True
8032.T,8032,JAPAN PULP AND PAPER COMPANY LIMITED,Prime,Wholesale Trade,TOPIX Small 2,True
8035.T,8035,Tokyo Electron Limited,Prime,Electric Appliances,TOPIX Core30,True
8037.T,8037,KAMEI CORPORATION,Prime,Wholesale Trade,TOPIX Small 2,True
8039.T,8039,"TSUKIJI UOICHIBA COMPANY,LIMITED",Standard,Wholesale Trade,-,False
8040.T,8040,"TOKYO SOIR CO.,LTD.",Standard,Textiles and Apparels,-,False
8041.T,8041,OUG Holdings Inc.,Standard,Wholesale Trade,-,False
8043.T,8043,Starzen Company Limited,Prime,Wholesale Trade,TOPIX Small 2,True
8045.T,8045,"Yokohama Maruuo Co.,Ltd.",Standard,Wholesale Trade,-,False
8046.T,8046,"MARUFUJI SHEET PILING CO.,LTD.",Standard,Wholesale Trade,-,False
8050.T,8050,SEIKO GROUP CORPORATION,Prime,Precision Instruments,TOPIX Small 1,True
8051.T,8051,YAMAZEN CORPORATION,Prime,Wholesale Trade,TOPIX Small 1,True
8052.T,8052,"TSUBAKIMOTO KOGYO CO.,LTD.",Prime,Wholesale Trade,TOPIX Small 2,True
8053.T,8053,"SUMITOMO CORPORATION (SUMITOMO SHOJI KAISHA,LTD.)",Prime,Wholesale Trade,TOPIX Large70,True
8056.T,8056,BIPROGY Inc.,Prime,Information & Communication,TOPIX Mid400,True
8057.T,8057,"UCHIDA YOKO CO.,LTD.",Prime,Wholesale Trade,TOPIX Small 1,True
8058.T,8058,Mitsubishi Corporation,Prime,Wholesale Trade,TOPIX Core30,True
8059.T,8059,"DAIICHI JITSUGYO CO.,LTD.",Prime,Wholesale Trade,TOPIX Small 2,True
8060.T,8060,Canon Marketing Japan Inc.,Prime,Wholesale Trade,TOPIX Mid400,True
8061.T,8061,SEIKA CORPORATION,Prime,Wholesale Trade,TOPIX Small 1,True
8065.T,8065,SATO SHO-JI CORPORATION,Prime,Wholesale Trade,TOPIX Small 2,True
8066.T,8066,MITANI CORPORATION,Standard,Wholesale Trade,-,False
8070.T,8070,"TOKYO SANGYO CO.,LTD.",Prime,Wholesale Trade,TOPIX Small 2,True
8074.T,8074,"YUASA CO.,LTD.",Prime,Wholesale Trade,TOPIX Small 1,True
8075.T,8075,Shinsho Corporation,Prime,Wholesale Trade,TOPIX Small 2,True
8076.T,8076,CANOX CORPORATION,Standard,Wholesale Trade,-,False
8077.T,8077,TORQ Inc.,Standard,Wholesale Trade,-,False
8078.T,8078,"HANWA CO.,LTD.",Prime,Wholesale Trade,TOPIX Small 1,True
8079.T,8079,SHOEI FOODS CORPORATION,Prime,Wholesale Trade,TOPIX Small 1,True
8081.T,8081,KANADEN CORPORATION,Prime,Wholesale Trade,TOPIX Small 2,True
8084.T,8084,RYODEN CORPORATION,Prime,Wholesale Trade,TOPIX Small 2,True
8085.T,8085,"NARASAKI SANGYO CO.,LTD.",Standard,Wholesale Trade,-,False
8086.T,8086,NIPRO CORPORATION,Prime,Precision Instruments,TOPIX Mid400,True
8088.T,8088,IWATANI  CORPORATION,Prime,Wholesale Trade,TOPIX Mid400,True
8089.T,8089,Nice Corporation,Standard,Wholesale Trade,-,False
8091.T,8091,"NICHIMO CO.,LTD.",Prime,Wholesale Trade,-,True
8093.T,8093,"Kyokuto Boeki Kaisha,Limited",Prime,Wholesale Trade,TOPIX Small 2,True
8095.T,8095,"Astena Holdings Co.,Ltd.",Prime,Wholesale Trade,TOPIX Small 2,True
8097.T,8097,"SAN-AI OBBLI CO.,LTD.",Prime,Wholesale Trade,TOPIX Small 1,True
8098.T,8098,"Inabata & Co.,Ltd.",Prime,Wholesale Trade,TOPIX Small 1,True
8101.T,8101,GSI Creos Corporation,Prime,Wholesale Trade,TOPIX Small 2,True
8103.T,8103,Meiwa Corporation,Prime,Wholesale Trade,TOPIX Small 2,True
8104.T,8104,KUWAZAWA Holdings Corporation,Standard,Wholesale Trade,-,False
8105.T,8105,Bitcoin Japan Corporation,Standard,Wholesale Trade,-,False
8107.T,8107,KIMURATAN CORPORATION,Standard,Textiles and Apparels,-,False
8111.T,8111,Goldwin Inc.,Prime,Textiles and Apparels,TOPIX Mid400,True
8113.T,8113,UNICHARM CORPORATION,Prime,Chemicals,TOPIX Large70,True
8115.T,8115,"MOONBAT Co.,Ltd.",Standard,Wholesale Trade,-,False
8117.T,8117,CENTRAL AUTOMOTIVE PRODUCTS LTD.,Standard,Wholesale Trade,-,False
8118.T,8118,"KING Co.,Ltd.",Standard,Textiles and Apparels,-,False
8119.T,8119,SANYEI CORPORATION,Standard,Wholesale Trade,-,False
8123.T,8123,"T.KAWABE & CO.,LTD.",Standard,Wholesale Trade,-,False
8125.T,8125,"Wakita & Co.,LTD.",Prime,Wholesale Trade,TOPIX Small 1,True
8127.T,8127,YAMATO INTERNATIONAL INC.,Standard,Textiles and Apparels,-,False
8129.T,8129,"TOHO HOLDINGS CO.,LTD.",Prime,Wholesale Trade,TOPIX Mid400,True
8130.T,8130,Sangetsu Corporation,Prime,Wholesale Trade,TOPIX Small 1,True
8131.T,8131,"Mitsuuroko Group Holdings Co.,Ltd.",Standard,Wholesale Trade,TOPIX Small 2,False
8132.T,8132,"SHINANEN HOLDINGS CO.,LTD.",Prime,Wholesale Trade,TOPIX Small 2,True
8133.T,8133,"ITOCHU ENEX CO.,LTD.",Prime,Wholesale Trade,TOPIX Small 1,True
8135.T,8135,ZETT CORPORATION,Standard,Wholesale Trade,-,False
8136.T,8136,"Sanrio Company,Ltd.",Prime,Wholesale Trade,TOPIX Mid400,True
8137.T,8137,SUN-WA TECHNOS CORPORATION,Prime,Wholesale Trade,TOPIX Small 2,True
8138.T,8138,SANKYO KASEI CORPORATION,Standard,Wholesale Trade,-,False
8139.T,8139,NAGAHORI CORPORATION,Standard,Wholesale Trade,-,False
8141.T,8141,"Shinko Shoji Co.,Ltd.",Prime,Wholesale Trade,TOPIX Small 2,True
8142.T,8142,"TOHO Co.,Ltd.",Prime,Wholesale Trade,TOPIX Small 2,True
8143.T,8143,"LAPINE CO.,LTD.",Standard,Textiles and Apparels,-,False
8144.T,8144,"Denkyo Group Holdings Co.,Ltd.",Standard,Wholesale Trade,-,False
8147.T,8147,TOMITA CO.LTD.,Standard,Wholesale Trade,-,False
8150.T,8150,"SANSHIN ELECTRONICS CO.,LTD.",Prime,Wholesale Trade,TOPIX Small 2,True
8151.T,8151,TOYO Corporation,Prime,Wholesale Trade,TOPIX Small 2,True
8152.T,8152,SOMAR CORPORATION,Standard,Wholesale Trade,-,False
8153.T,8153,"MOS FOOD SERVICES,INC.",Prime,Wholesale Trade,TOPIX Small 1,True
8154.T,8154,"KAGA ELECTRONICS CO.,LTD.",Prime,Wholesale Trade,TOPIX Small 1,True
8157.T,8157,"TSUZUKI DENKI CO.,LTD.",Prime,Information & Communication,TOPIX Small 2,True
8158.T,8158,"SODA NIKKA CO.,LTD.",Prime,Wholesale Trade,TOPIX Small 2,True
8159.T,8159,"TACHIBANA ELETECH CO.,LTD.",Prime,Wholesale Trade,TOPIX Small 2,True
8160.T,8160,"KISOJI CO.,LTD.",Prime,Retail Trade,TOPIX Small 1,True
8163.T,8163,"SRS HOLDINGS CO.,LTD.",Prime,Retail Trade,TOPIX Small 2,True
8165.T,8165,"SENSHUKAI CO.,LTD.",Standard,Retail Trade,TOPIX Small 2,False
8166.T,8166,"Taka-Q Co.,Ltd.",Standard,Retail Trade,-,False
8167.T,8167,"RETAIL PARTNERS CO.,LTD.",Prime,Retail Trade,TOPIX Small 2,True
8173.T,8173,Joshin Corporation,Prime,Retail Trade,TOPIX Small 1,True
8174.T,8174,"NIPPON GAS CO.,LTD.",Prime,Retail Trade,TOPIX Mid400,True
8179.T,8179,"ROYAL HOLDINGS Co., Ltd.",Prime,Retail Trade,TOPIX Small 1,True
8181.T,8181,"Totenko Co.,Ltd.",Standard,Retail Trade,-,False
8185.T,8185,"CHIYODA CO.,LTD.",Prime,Retail Trade,TOPIX Small 2,True
8194.T,8194,LIFE CORPORATION,Prime,Retail Trade,TOPIX Small 1,True
8198.T,8198,"Maxvalu Tokai Co.,Ltd.",Standard,Retail Trade,-,False
8200.T,8200,"RINGER HUT CO.,LTD.",Prime,Retail Trade,TOPIX Small 1,True
8202.T,8202,"Laox Holdings CO.,LTD.",Standard,Retail Trade,-,False
8203.T,8203,MrMax Holdings Ltd.,Prime,Retail Trade,TOPIX Small 2,True
8207.T,8207,"TEN ALLIED Co.,Ltd.",Standard,Retail Trade,-,False
8214.T,8214,AOKI Holdings Inc.,Prime,Retail Trade,TOPIX Small 1,True
8217.T,8217,"OKUWA CO.,LTD.",Prime,Retail Trade,TOPIX Small 2,True
8218.T,8218,"KOMERI CO.,LTD.",Prime,Retail Trade,TOPIX Small 1,True
8219.T,8219,"AOYAMA TRADING Co.,Ltd.",Prime,Retail Trade,TOPIX Small 1,True
8225.T,8225,"Takachiho Co.,Ltd.",Standard,Wholesale Trade,-,False
8226.T,8226,RIKEI CORPORATION,Standard,Wholesale Trade,-,False
8227.T,8227,"SHIMAMURA Co.,Ltd.",Prime,Retail Trade,TOPIX Mid400,True
8230.T,8230,"HASEGAWA CO.,LTD.",Standard,Retail Trade,-,False
8233.T,8233,"Takashimaya Company,Limited",Prime,Retail Trade,TOPIX Mid400,True
8237.T,8237,"MATSUYA CO.,LTD.",Prime,Retail Trade,TOPIX Small 1,True
8242.T,8242,H2O RETAILING CORPORATION,Prime,Retail Trade,TOPIX Mid400,True
8244.T,8244,"Kintetsu Department Store CO.,Ltd.",Standard,Retail Trade,TOPIX Small 2,False
8247.T,8247,"Daiwa Co.,Ltd.",Standard,Retail Trade,-,False
8252.T,8252,"MARUI GROUP CO.,LTD.",Prime,Retail Trade,TOPIX Mid400,True
8253.T,8253,"Credit Saison Co.,Ltd.",Prime,Other Financing Business,TOPIX Mid400,True
8254.T,8254,"Saikaya Department Store Co.,Ltd.",Standard,Retail Trade,-,False
8255.T,8255,Axial Retailing Inc.,Prime,Retail Trade,TOPIX Small 2,True
8260.T,8260,"IZUTSUYA CO.,LTD.",Standard,Retail Trade,-,False
8267.T,8267,"AEON CO.,LTD.",Prime,Retail Trade,TOPIX Large70,True
8273.T,8273,"IZUMI CO.,LTD.",Prime,Retail Trade,TOPIX Small 1,True
8275.T,8275,FORVAL CORPORATION,Standard,Wholesale Trade,TOPIX Small 2,False
8276.T,8276,"HEIWADO CO.,LTD.",Prime,Retail Trade,TOPIX Small 1,True
8278.T,8278,"FUJI CO.,LTD.",Prime,Retail Trade,TOPIX Small 1,True
8281.T,8281,"XEBIO holdings CO.,LTD.",Prime,Retail Trade,TOPIX Small 1,True
8282.T,8282,K'S HOLDINGS CORPORATION,Prime,Retail Trade,TOPIX Mid400,True
8285.T,8285,"MITANI SANGYO CO.,LTD.",Standard,Wholesale Trade,TOPIX Small 2,False
8291.T,8291,"NISSAN TOKYO SALES HOLDINGS CO.,LTD.",Standard,Retail Trade,-,False
8303.T,8303,"SBI Shinsei Bank,Limited",Prime,Banks,TOPIX Mid400,True
8304.T,8304,"Aozora Bank,Ltd.",Prime,Banks,TOPIX Mid400,True
8306.T,8306,"Mitsubishi UFJ Financial Group,Inc.",Prime,Banks,TOPIX Core30,True
8308.T,8308,"Resona Holdings, Inc.",Prime,Banks,TOPIX Large70,True
8309.T,8309,"Sumitomo Mitsui Trust Group,Inc.",Prime,Banks,TOPIX Large70,True
8316.T,8316,"Sumitomo Mitsui Financial Group,Inc.",Prime,Banks,TOPIX Core30,True
8331.T,8331,"The Chiba Bank,Ltd.",Prime,Banks,TOPIX Mid400,True
8334.T,8334,"The Gunma Bank,Ltd.",Prime,Banks,TOPIX Mid400,True
8336.T,8336,"The Musashino Bank,Ltd.",Prime,Banks,TOPIX Small 1,True
8337.T,8337,"The Chiba Kogyo Bank,Ltd.",Prime,Banks,TOPIX Small 1,True
8338.T,8338,"Tsukuba Bank,Ltd.",Prime,Banks,TOPIX Small 2,True
8341.T,8341,"The 77 Bank,Ltd.",Prime,Banks,TOPIX Mid400,True
8343.T,8343,"THE AKITA BANK,LTD.",Prime,Banks,TOPIX Small 2,True
8344.T,8344,"The Yamagata Bank,Ltd.",Prime,Banks,TOPIX Small 2,True
8345.T,8345,"The Bank of Iwate,Ltd.",Prime,Banks,TOPIX Small 2,True
8346.T,8346,"The Toho Bank,Ltd.",Prime,Banks,TOPIX Small 1,True
8349.T,8349,"THE TOHOKU BANK,LTD.",Standard,Banks,-,False
8354.T,8354,"Fukuoka Financial Group,Inc.",Prime,Banks,TOPIX Mid400,True
8358.T,8358,Suruga Bank Ltd.,Prime,Banks,TOPIX Small 1,True
8359.T,8359,"Hachijuni Nagano Bank,Ltd.",Prime,Banks,TOPIX Mid400,True
8360.T,8360,"The Yamanashi Chuo Bank,Ltd.",Prime,Banks,TOPIX Small 1,True
8361.T,8361,"The Ogaki Kyoritsu Bank,Ltd.",Prime,Banks,TOPIX Small 1,True
8362.T,8362,"The Fukui Bank,Ltd.",Prime,Banks,TOPIX Small 2,True
8364.T,8364,"THE SHIMIZU BANK,LTD.",Prime,Banks,TOPIX Small 2,True
8365.T,8365,"The Bank of Toyama,Ltd.",Standard,Banks,-,False
8366.T,8366,"THE SHIGA BANK,LTD.",Prime,Banks,TOPIX Small 1,True
8367.T,8367,"The Nanto Bank,Ltd.",Prime,Banks,TOPIX Small 1,True
8368.T,8368,"The Hyakugo Bank,Ltd.",Prime,Banks,TOPIX Small 1,True
8370.T,8370,"The Kiyo Bank,Ltd.",Prime,Banks,TOPIX Small 1,True
8377.T,8377,"Hokuhoku Financial Group, Inc.",Prime,Banks,TOPIX Mid400,True
8381.T,8381,"The San-in Godo Bank,Ltd.",Prime,Banks,TOPIX Small 1,True
8383.T,8383,"THE TOTTORI BANK,LTD.",Standard,Banks,-,False
8386.T,8386,"The Hyakujushi Bank,Ltd.",Prime,Banks,TOPIX Small 1,True
8387.T,8387,"The Shikoku Bank, Ltd.",Prime,Banks,TOPIX Small 2,True
8388.T,8388,"The Awa Bank,Ltd.",Prime,Banks,TOPIX Small 1,True
8392.T,8392,"THE OITA BANK,LTD.",Prime,Banks,TOPIX Small 2,True
8393.T,8393,"The Miyazaki Bank,Ltd.",Prime,Banks,TOPIX Small 2,True
8395.T,8395,THE BANK OF SAGA LTD.,Prime,Banks,TOPIX Small 2,True
8399.T,8399,"Bank of The Ryukyus,Limited",Prime,Banks,TOPIX Small 1,True
8410.T,8410,"Seven Bank,Ltd.",Prime,Banks,TOPIX Mid400,True
8411.T,8411,"Mizuho Financial Group,Inc.",Prime,Banks,TOPIX Core30,True
8416.T,8416,"THE BANK OF KOCHI,LTD.",Standard,Banks,-,False
8418.T,8418,"Yamaguchi Financial Group,Inc.",Prime,Banks,TOPIX Mid400,True
8424.T,8424,"Fuyo General Lease Co.,Ltd.",Prime,Other Financing Business,TOPIX Mid400,True
8425.T,8425,"Mizuho Leasing Company,Limited",Prime,Other Financing Business,TOPIX Small 1,True
8439.T,8439,Tokyo Century Corporation,Prime,Other Financing Business,TOPIX Mid400,True
8473.T,8473,"SBI Holdings,Inc.",Prime,Securities and Commodities Futures,TOPIX Mid400,True
8508.T,8508,"J Trust Co.,Ltd.",Standard,Other Financing Business,-,False
8511.T,8511,"Japan Securities Finance Co.,Ltd.",Prime,Other Financing Business,TOPIX Small 1,True
8518.T,8518,"Japan Asia Investment Company,Limited",Standard,Securities and Commodities Futures,-,False
8522.T,8522,"The Bank of Nagoya,Ltd.",Prime,Banks,TOPIX Small 1,True
8524.T,8524,"North Pacific Bank,Ltd.",Prime,Banks,TOPIX Small 1,True
8537.T,8537,"THE TAIKO BANK,LTD.",Standard,Banks,-,False
8541.T,8541,"The Ehime Bank,Ltd.",Prime,Banks,TOPIX Small 2,True
8542.T,8542,"TOMATO BANK,LTD.",Standard,Banks,-,False
8544.T,8544,"The Keiyo Bank,Ltd.",Prime,Banks,TOPIX Small 1,True
8550.T,8550,"THE TOCHIGI BANK,LTD.",Prime,Banks,TOPIX Small 2,True
8551.T,8551,"The Kita-Nippon Bank,Ltd.",Prime,Banks,TOPIX Small 2,True
8558.T,8558,"THE TOWA BANK,LTD.",Prime,Banks,TOPIX Small 2,True
8562.T,8562,"THE FUKUSHIMA BANK,LTD.",Standard,Banks,-,False
8563.T,8563,"THE DAITO BANK,LTD.",Standard,Banks,-,False
8566.T,8566,"RICOH LEASING COMPANY,LTD.",Prime,Other Financing Business,TOPIX Small 1,True
8570.T,8570,"AEON Financial Service Co.,Ltd.",Prime,Other Financing Business,TOPIX Mid400,True
8572.T,8572,"ACOM CO.,LTD.",Standard,Other Financing Business,TOPIX Mid400,False
8584.T,8584,"JACCS CO.,LTD.",Prime,Other Financing Business,TOPIX Small 1,True
8585.T,8585,Orient Corporation,Prime,Other Financing Business,TOPIX Small 1,True
8591.T,8591,ORIX CORPORATION,Prime,Other Financing Business,TOPIX Large70,True
8593.T,8593,Mitsubishi HC Capital Inc.,Prime,Other Financing Business,TOPIX Mid400,True
8595.T,8595,"JAFCO Group Co.,Ltd.",Prime,Securities and Commodities Futures,TOPIX Mid400,True
8596.T,8596,"KYUSHU LEASING SERVICE CO.,LTD.",Standard,Other Financing Business,-,False
8600.T,8600,"TOMONY Holdings,Inc.",Prime,Banks,TOPIX Small 1,True
8601.T,8601,Daiwa Securities Group Inc.,Prime,Securities and Commodities Futures,TOPIX Mid400,True
8604.T,8604,"Nomura Holdings, Inc.",Prime,Securities and Commodities Futures,TOPIX Large70,True
8609.T,8609,OKASAN SECURITIES GROUP INC.,Prime,Securities and Commodities Futures,TOPIX Small 1,True
8613.T,8613,"Marusan Securities Co.,Ltd.",Prime,Securities and Commodities Futures,TOPIX Small 1,True
8614.T,8614,"TOYO SECURITIES CO.,LTD.",Prime,Securities and Commodities Futures,TOPIX Small 2,True
8616.T,8616,"Tokai Tokyo Financial Holdings,Inc.",Prime,Securities and Commodities Futures,TOPIX Small 1,True
8617.T,8617,"The Kosei Securities Co.,Ltd.",Standard,Securities and Commodities Futures,-,False
8622.T,8622,"Mito Securities Co.,Ltd.",Prime,Securities and Commodities Futures,TOPIX Small 2,True
8624.T,8624,"Ichiyoshi Securities Co.,Ltd.",Prime,Securities and Commodities Futures,TOPIX Small 2,True
8628.T,8628,"MATSUI SECURITIES CO.,LTD.",Prime,Securities and Commodities Futures,TOPIX Small 1,True
8630.T,8630,"Sompo Holdings,Inc.",Prime,Insurance,TOPIX Large70,True
8697.T,8697,"Japan Exchange Group,Inc.",Prime,Other Financing Business,TOPIX Large70,True
8698.T,8698,"Monex Group,Inc.",Prime,Securities and Commodities Futures,TOPIX Small 1,True
8699.T,8699,"HS Holdings Co.,Ltd.",Standard,Securities and Commodities Futures,-,False
8700.T,8700,"Maruhachi Securities Co.,Ltd.",Standard,Securities and Commodities Futures,-,False
8704.T,8704,"TRADERS HOLDINGS CO.,LTD.",Standard,Securities and Commodities Futures,-,False
8705.T,8705,"Nissan Securities Group Co.,Ltd.",Standard,Securities and Commodities Futures,-,False
8706.T,8706,"KYOKUTO SECURITIES CO.,LTD.",Prime,Securities and Commodities Futures,TOPIX Small 1,True
8707.T,8707,"IwaiCosmo Holdings,Inc.",Prime,Securities and Commodities Futures,TOPIX Small 1,True
8708.T,8708,"AIZAWA SECURITIES GROUP CO.,LTD.",Prime,Securities and Commodities Futures,TOPIX Small 2,True
8713.T,8713,FIDEA Holdings Co.Ltd.,Prime,Banks,TOPIX Small 2,True
8714.T,8714,"Senshu Ikeda Holdings,Inc.",Prime,Banks,TOPIX Small 1,True
8715.T,8715,"Anicom Holdings,Inc.",Prime,Insurance,TOPIX Small 1,True
8725.T,8725,"MS&AD Insurance Group Holdings,Inc.",Prime,Insurance,TOPIX Large70,True
8729.T,8729,Sony Financial Group Inc.,Prime,Insurance,TOPIX Core30,True
8737.T,8737,Akatsuki Corp.,Standard,Securities and Commodities Futures,-,False
8739.T,8739,"SPARX Group Co.,Ltd.",Prime,Securities and Commodities Futures,TOPIX Small 2,True
8742.T,8742,"KOBAYASHI YOKO CO.,LTD.",Standard,Securities and Commodities Futures,-,False
8746.T,8746,unbanked inc.,Standard,Securities and Commodities Futures,-,False
8747.T,8747,"YUTAKA TRUSTY SECURITIES CO.,LTD.",Standard,Securities and Commodities Futures,-,False
8750.T,8750,"Daiichi Life Group,Inc.",Prime,Insurance,TOPIX Large70,True
8766.T,8766,"Tokio Marine Holdings,Inc.",Prime,Insurance,TOPIX Core30,True
8769.T,8769,"Advantage Risk Management Co.,Ltd.",Standard,Services,-,False
8771.T,8771,"eGuarantee,Inc.",Prime,Other Financing Business,TOPIX Small 1,True
8772.T,8772,"ASAX CO.,LTD.",Standard,Other Financing Business,-,False
8783.T,8783,"abc Co.,Ltd.",Standard,Other Financing Business,-,False
8789.T,8789,FinTech Global Incorporated,Standard,Other Financing Business,-,False
8793.T,8793,NEC Capital Solutions Limited,Prime,Other Financing Business,TOPIX Small 2,True
8795.T,8795,"T&D Holdings, Inc.",Prime,Insurance,TOPIX Mid400,True
8798.T,8798,"Advance Create Co.,Ltd.",Prime,Insurance,TOPIX Small 2,True
8801.T,8801,"Mitsui Fudosan Co.,Ltd.",Prime,Real Estate,TOPIX Large70,True
8802.T,8802,"Mitsubishi Estate Company,Limited",Prime,Real Estate,TOPIX Large70,True
8803.T,8803,"HEIWA REAL ESTATE CO.,LTD.",Prime,Real Estate,TOPIX Small 1,True
8804.T,8804,"Tokyo Tatemono Co.,Ltd.",Prime,Real Estate,TOPIX Mid400,True
8818.T,8818,"Keihanshin Building Co.,Ltd.",Prime,Real Estate,TOPIX Small 2,True
8830.T,8830,"Sumitomo Realty & Development Co.,Ltd.",Prime,Real Estate,TOPIX Large70,True
8835.T,8835,TAIHEIYO KOUHATSU INCORPORATED,Standard,Wholesale Trade,-,False
8836.T,8836,RISE Inc.,Standard,Real Estate,-,False
8841.T,8841,"TOC Co.,Ltd.",Standard,Real Estate,TOPIX Small 2,False
8844.T,8844,"COSMOS INITIA Co.,Ltd.",Standard,Real Estate,-,False
8848.T,8848,LEOPALACE21 CORPORATION,Prime,Real Estate,TOPIX Small 1,True
8850.T,8850,STARTS CORPORATION INC.,Prime,Real Estate,TOPIX Small 1,True
8860.T,8860,FUJI CORPORATION LIMITED,Prime,Real Estate,TOPIX Small 2,True
8864.T,8864,"AIRPORT FACILITIES Co.,LTD.",Standard,Real Estate,TOPIX Small 2,False
8869.T,8869,Meiwa Estate Company Limited,Standard,Real Estate,TOPIX Small 2,False
8871.T,8871,"GOLDCREST Co.,Ltd.",Standard,Real Estate,TOPIX Small 1,False
8876.T,8876,"Relo Group,Inc.",Prime,Services,TOPIX Mid400,True
8877.T,8877,ESLEAD CORPORATION,Prime,Real Estate,TOPIX Small 2,True
8881.T,8881,"NISSHIN GROUP HOLDINGS Company,Limited",Prime,Real Estate,TOPIX Small 2,True
8887.T,8887,"SYLA Holdings Co.,Ltd.",Standard,Real Estate,-,False
8891.T,8891,"AMG HOLDINGS CO.,LTD.",Standard,Real Estate,-,False
8892.T,8892,ES-CON JAPAN Ltd.,Prime,Real Estate,TOPIX Small 1,True
8894.T,8894,"REVOLUTION CO.,LTD.",Standard,Real Estate,-,False
8897.T,8897,"MIRARTH HOLDINGS,Inc.",Prime,Real Estate,TOPIX Small 1,True
8898.T,8898,CENTURY21 REAL ESTATE OF JAPAN LTD.,Standard,Real Estate,-,False
8904.T,8904,"AVANTIA CO.,LTD.",Standard,Real Estate,-,False
8908.T,8908,"MAINICHI COMNET CO.,LTD.",Standard,Real Estate,-,False
8912.T,8912,Area Quest Inc.,Standard,Real Estate,-,False
8914.T,8914,"Arealink Co.,Ltd.",Standard,Real Estate,-,False
8917.T,8917,"First Juken Co.,Ltd.",Standard,Real Estate,-,False
8918.T,8918,"LAND Co.,Ltd.",Standard,Real Estate,TOPIX Small 2,False
8919.T,8919,"KATITAS CO.,LTD",Prime,Real Estate,TOPIX Small 1,True
8920.T,8920,"TOSHO CO.,LTD.",Standard,Services,TOPIX Small 2,False
8923.T,8923,TOSEI CORPORATION,Prime,Real Estate,TOPIX Small 1,True
8927.T,8927,"MEIHO ENTERPRISE CO.,LTD.",Standard,Real Estate,-,False
8928.T,8928,ANABUKI KOSAN INC.,Standard,Real Estate,-,False
8929.T,8929,"Aoyama Zaisan Networks Company,Limited",Standard,Real Estate,-,False
8931.T,8931,WADAKOHSAN CORPORATION,Standard,Real Estate,-,False
8934.T,8934,"Sun Frontier Fudousan Co.,Ltd.",Prime,Real Estate,TOPIX Small 1,True
8935.T,8935,"FJ NEXT HOLDINGS CO.,LTD.",Prime,Real Estate,TOPIX Small 2,True
8938.T,8938,"GLOME Holdings,Inc.",Growth,Real Estate,-,False
8944.T,8944,"LAND BUSINESS  CO.,LTD.",Standard,Real Estate,-,False
8945.T,8945,SUNNEXTA GROUP Inc.,Standard,Real Estate,-,False
8946.T,8946,ASIAN STAR CO.,Standard,Real Estate,-,False
8995.T,8995,"Makoto Construction CO,Ltd",Standard,Real Estate,-,False
8996.T,8996,"HouseFreedom Co.,Ltd.",Standard,Real Estate,-,False
8999.T,8999,Grandy House Corporation,Prime,Real Estate,TOPIX Small 2,True
9001.T,9001,"TOBU RAILWAY CO.,LTD.",Prime,Land Transportation,TOPIX Mid400,True
9003.T,9003,"Sotetsu Holdings,Inc.",Prime,Land Transportation,TOPIX Mid400,True
9005.T,9005,TOKYU CORPORATION,Prime,Land Transportation,TOPIX Mid400,True
9006.T,9006,Keikyu Corporation,Prime,Land Transportation,TOPIX Mid400,True
9007.T,9007,"Odakyu Electric Railway Co.,Ltd.",Prime,Land Transportation,TOPIX Mid400,True
9008.T,9008,Keio Corporation,Prime,Land Transportation,TOPIX Mid400,True
9009.T,9009,"Keisei Electric Railway Co.,Ltd.",Prime,Land Transportation,TOPIX Mid400,True
9010.T,9010,"FUJI KYUKO CO.,LTD.",Prime,Land Transportation,TOPIX Small 1,True
9012.T,9012,"Chichibu Railway Co.,Ltd.",Standard,Land Transportation,-,False
9017.T,9017,"Niigata Kotsu Co.,Ltd.",Standard,Land Transportation,-,False
9020.T,9020,East Japan Railway Company,Prime,Land Transportation,TOPIX Large70,True
9021.T,9021,West Japan Railway Company,Prime,Land Transportation,TOPIX Large70,True
9022.T,9022,Central Japan Railway Company,Prime,Land Transportation,TOPIX Large70,True
9023.T,9023,"Tokyo Metro Co.,Ltd.",Prime,Land Transportation,TOPIX Mid400,True
9024.T,9024,SEIBU HOLDINGS INC.,Prime,Land Transportation,TOPIX Mid400,True
9025.T,9025,"Konoike Transport Co.,Ltd.",Prime,Land Transportation,TOPIX Small 1,True
9028.T,9028,"ZERO CO.,LTD.",Standard,Land Transportation,-,False
9029.T,9029,"HIGASHI HOLDINGS CO.,LTD.",Standard,Land Transportation,-,False
9031.T,9031,"Nishi-Nippon Railroad Co.,Ltd.",Prime,Land Transportation,TOPIX Mid400,True
9033.T,9033,"Hiroshima Electric Railway Co.,Ltd.",Standard,Land Transportation,-,False
9034.T,9034,"NANSO Transport Co.,Ltd.",Standard,Land Transportation,-,False
9036.T,9036,"TOHBU NETWORK CO.,LTD.",Standard,Land Transportation,-,False
9037.T,9037,"HAMAKYOREX CO.,LTD.",Prime,Land Transportation,TOPIX Small 1,True
9039.T,9039,"Sakai Moving Service Co.,Ltd.",Prime,Land Transportation,TOPIX Small 1,True
9041.T,9041,"Kintetsu Group Holdings Co.,Ltd.",Prime,Land Transportation,TOPIX Mid400,True
9042.T,9042,"Hankyu Hanshin Holdings,Inc.",Prime,Land Transportation,TOPIX Mid400,True
9044.T,9044,"NANKAI Co.,Ltd.",Prime,Land Transportation,TOPIX Mid400,True
9045.T,9045,"Keihan Holdings Co.,Ltd.",Prime,Land Transportation,TOPIX Mid400,True
9046.T,9046,"Kobe Electric Railway Co.,Ltd.",Standard,Land Transportation,TOPIX Small 2,False
9048.T,9048,"Nagoya Railroad Co., Ltd.",Prime,Land Transportation,TOPIX Mid400,True
9049.T,9049,"Keifuku Electric Railroad Co.,Ltd.",Standard,Land Transportation,-,False
9051.T,9051,"SENKON LOGISTICS CO.,LTD",Standard,Land Transportation,-,False
9052.T,9052,"Sanyo Electric Railway Co.,Ltd.",Prime,Land Transportation,TOPIX Small 2,True
9057.T,9057,"ENSHU TRUCK CO.,LTD.",Standard,Land Transportation,-,False
9059.T,9059,"Kanda Holdings Co.,Ltd.",Standard,Land Transportation,-,False
9060.T,9060,JAPAN LOGISTIC SYSTEMS CORP.,Standard,Land Transportation,-,False
9063.T,9063,"Okayamaken Freight Transportation CO.,LTD.",Standard,Land Transportation,-,False
9064.T,9064,"YAMATO HOLDINGS CO.,LTD.",Prime,Land Transportation,TOPIX Mid400,True
9065.T,9065,SANKYU INC.,Prime,Land Transportation,TOPIX Mid400,True
9068.T,9068,"Maruzen Showa Unyu Co.,Ltd.",Prime,Land Transportation,TOPIX Small 1,True
9069.T,9069,"SENKO Group Holdings Co.,Ltd.",Prime,Land Transportation,TOPIX Mid400,True
9072.T,9072,"NIKKON Holdings Co.,Ltd.",Prime,Land Transportation,TOPIX Mid400,True
9073.T,9073,"Kyogoku unyu shoji Co.,Ltd.",Standard,Land Transportation,-,False
9074.T,9074,"Japan Oil Transportation Co.,Ltd.",Standard,Land Transportation,-,False
9075.T,9075,"FUKUYAMA TRANSPORTING CO.,LTD.",Prime,Land Transportation,TOPIX Small 1,True
9076.T,9076,"SEINO HOLDINGS CO.,LTD.",Prime,Land Transportation,TOPIX Mid400,True
9081.T,9081,"Kanagawa Chuo Kotsu Co.,Ltd.",Prime,Land Transportation,TOPIX Small 2,True
9082.T,9082,"Daiwa Motor Transportation Co.,Ltd.",Standard,Land Transportation,-,False
9083.T,9083,"Shinki Bus Co.,Ltd.",Standard,Land Transportation,-,False
9087.T,9087,TAKASE CORPORATION,Standard,Land Transportation,-,False
9090.T,9090,AZ-COM MARUWA Holdings Inc.,Prime,Land Transportation,TOPIX Small 1,True
9101.T,9101,Nippon Yusen Kabushiki Kaisha,Prime,Marine Transportation,TOPIX Large70,True
9104.T,9104,"Mitsui O.S.K.Lines,Ltd.",Prime,Marine Transportation,TOPIX Large70,True
9107.T,9107,"Kawasaki Kisen Kaisha,Ltd.",Prime,Marine Transportation,TOPIX Mid400,True
9110.T,9110,"NS United Kaiun Kaisha,Ltd.",Prime,Marine Transportation,TOPIX Small 1,True
9115.T,9115,"Meiji Shipping Group Co.,Ltd.",Standard,Marine Transportation,-,False
9119.T,9119,"IINO KAIUN KAISHA,LTD.",Prime,Marine Transportation,TOPIX Small 1,True
9127.T,9127,"TAMAI STEAMSHIP CO.,LTD.",Standard,Marine Transportation,-,False
9130.T,9130,"KYOEI TANKER CO.,LTD.",Standard,Marine Transportation,-,False
9142.T,9142,Kyushu Railway Company,Prime,Land Transportation,TOPIX Mid400,True
9143.T,9143,"SG HOLDINGS CO.,LTD.",Prime,Land Transportation,TOPIX Mid400,True
9145.T,9145,"BEING HOLDINGS CO.,LTD.",Standard,Land Transportation,-,False
9147.T,9147,"NIPPON EXPRESS HOLDINGS,INC.",Prime,Land Transportation,TOPIX Mid400,True
9158.T,9158,CUC Inc.,Growth,Services,-,False
9159.T,9159,W TOKYO Inc.,Growth,Services,-,False
9160.T,9160,"ON THE PAGE,Inc.",Standard,Services,-,False
9162.T,9162,"Bleach,Inc.",Growth,Services,-,False
9163.T,9163,Nareru Group Inc.,Growth,Services,-,False
9165.T,9165,"Qualtec Co.,Ltd.",Growth,Services,-,False
9166.T,9166,GENDA Inc.,Growth,Services,-,False
9168.T,9168,"Rise Consulting Group,Inc.",Growth,Services,-,False
9171.T,9171,"Kuribayashi Steamship Co.,Ltd.",Standard,Marine Transportation,-,False
9173.T,9173,"Tokai Kisen Co.,Ltd.",Standard,Marine Transportation,-,False
9193.T,9193,"Tokyo Kisen Co.,Ltd.",Standard,Warehousing and Harbor Transportation Service,-,False
9201.T,9201,"Japan Airlines Co.,Ltd.",Prime,Air Transportation,TOPIX Mid400,True
9202.T,9202,ANA HOLDINGS INC.,Prime,Air Transportation,TOPIX Large70,True
9204.T,9204,Skymark Airlines Inc.,Growth,Air Transportation,-,False
9206.T,9206,Star Flyer Inc.,Standard,Air Transportation,-,False
9211.T,9211,f-code Inc.,Growth,Services,-,False
9212.T,9212,"Green Earth Institute Co.,Ltd.",Growth,Services,-,False
9213.T,9213,SEYFERT LTD.,Standard,Services,-,False
9214.T,9214,"Recovery International Co.,Ltd.",Growth,Services,-,False
9215.T,9215,"CaSy Co.,Ltd.",Growth,Services,-,False
9216.T,9216,"Bewith,Inc.",Prime,Services,TOPIX Small 2,True
9218.T,9218,"Mental Health Technologies Co.,Ltd.",Growth,Services,-,False
9219.T,9219,GiXo Ltd.,Growth,Services,-,False
9220.T,9220,"FB CARE SERVICE CO.,LTD.",Standard,Services,-,False
9221.T,9221,FULUHASHI EPO CORPORATION,Standard,Services,-,False
9223.T,9223,"ASNOVA Co.,Ltd.",Growth,Services,-,False
9225.T,9225,Bridge Consulting Group Inc.,Growth,Services,-,False
9227.T,9227,"Microwave Chemical Co.,Ltd.",Growth,Services,-,False
9229.T,9229,"SUNWELS Co.,Ltd.",Prime,Services,TOPIX Small 2,True
9233.T,9233,"Asia Air Survey Co.,Ltd.",Standard,Air Transportation,-,False
9235.T,9235,"Ureru Net Advertising Group Co.,Ltd.",Growth,Services,-,False
9236.T,9236,Japan M&A Solution Incorporated,Growth,Services,-,False
9237.T,9237,"Emimen Co.,Ltd.",Growth,Services,-,False
9238.T,9238,"VALUE CREATION CO.,LTD.",Growth,Services,-,False
9240.T,9240,Delivery Consulting Inc.,Growth,Services,-,False
9241.T,9241,"Future Link Network Co.,Ltd.",Growth,Services,-,False
9242.T,9242,"Media Research Institute,Inc.",Growth,Services,-,False
9244.T,9244,DIGITALIFT Inc.,Growth,Services,-,False
9245.T,9245,Livero Inc.,Growth,Services,-,False
9246.T,9246,"ProjectHoldings,Inc.",Growth,Services,-,False
9247.T,9247,TRE HOLDINGS CORPORATION,Prime,Services,TOPIX Small 1,True
9248.T,9248,"People, Dreams & Technologies Group Co.,Ltd.",Standard,Services,TOPIX Small 2,False
9249.T,9249,"Japan Ecosystem Co.,Ltd.",Standard,Services,-,False
9250.T,9250,GRCS Inc.,Growth,Services,-,False
9251.T,9251,"AB&Company Co.,Ltd.",Growth,Services,-,False
9252.T,9252,"Last One Mile Co.,Ltd.",Growth,Services,-,False
9253.T,9253,Slogan Inc.,Growth,Services,-,False
9254.T,9254,"Lovable Marketing Group,inc.",Growth,Services,-,False
9256.T,9256,"Succeed co.,ltd.",Growth,Services,-,False
9258.T,9258,"CS-C.Co.,Ltd.",Growth,Services,-,False
9259.T,9259,"TAKAYOSHI Holdings,INC.",Growth,Services,-,False
9262.T,9262,"SILVER LIFE CO.,LTD.",Standard,Retail Trade,TOPIX Small 2,False
9264.T,9264,"Puequ CO.,LTD.",Standard,Wholesale Trade,-,False
9265.T,9265,"YAMASHITA HEALTH CARE HOLDINGS,INC.",Standard,Wholesale Trade,-,False
9267.T,9267,"Genky DrugStores Co.,Ltd.",Prime,Retail Trade,TOPIX Small 1,True
9268.T,9268,OPTIMUS GROUP COMPANY LIMITED,Standard,Wholesale Trade,-,False
9270.T,9270,Valuence Holdings Inc.,Growth,Wholesale Trade,-,False
9271.T,9271,"Wagokoro co.,ltd.",Growth,Retail Trade,-,False
9272.T,9272,"Boutiques,Inc.",Growth,Services,-,False
9273.T,9273,"KOA SHOJI HOLDINGS CO.,LTD.",Prime,Wholesale Trade,TOPIX Small 2,True
9274.T,9274,"KPP GROUP HOLDINGS CO.,LTD.",Prime,Wholesale Trade,TOPIX Small 1,True
9278.T,9278,BOOKOFF GROUP HOLDINGS LIMITED,Prime,Retail Trade,TOPIX Small 2,True
9279.T,9279,GIFT HOLDINGS INC.,Prime,Retail Trade,TOPIX Small 2,True
9301.T,9301,Mitsubishi Logistics Corporation,Prime,Warehousing and Harbor Transportation Service,TOPIX Mid400,True
9302.T,9302,"MITSUI-SOKO HOLDINGS Co.,Ltd.",Prime,Warehousing and Harbor Transportation Service,TOPIX Mid400,True
9303.T,9303,"The Sumitomo Warehouse Co.,Ltd.",Prime,Warehousing and Harbor Transportation Service,TOPIX Small 1,True
9304.T,9304,Shibusawa Logistics Corporation,Prime,Warehousing and Harbor Transportation Service,TOPIX Small 2,True
9305.T,9305,Yamatane Corporation,Prime,Wholesale Trade,TOPIX Small 2,True
9306.T,9306,"Toyo Logistics Co.,Ltd.",Standard,Warehousing and Harbor Transportation Service,-,False
9307.T,9307,"Sugimura Warehouse Co.,Ltd.",Standard,Warehousing and Harbor Transportation Service,-,False
9308.T,9308,"Inui Global Logistics Co.,Ltd.",Standard,Marine Transportation,TOPIX Small 2,False
9310.T,9310,Japan Transcity Corporation,Prime,Warehousing and Harbor Transportation Service,TOPIX Small 2,True
9311.T,9311,ASAGAMI CORPORATION,Standard,Warehousing and Harbor Transportation Service,-,False
9312.T,9312,"THE KEIHIN CO.,LTD.",Standard,Warehousing and Harbor Transportation Service,-,False
9313.T,9313,Maruhachi Warehouse Company Limited,Standard,Warehousing and Harbor Transportation Service,-,False
9319.T,9319,"Chuo Warehouse Co.,Ltd.",Prime,Warehousing and Harbor Transportation Service,TOPIX Small 2,True
9322.T,9322,"KAWANISHI WAREHOUSE CO.,LTD.",Standard,Warehousing and Harbor Transportation Service,-,False
9324.T,9324,Yasuda Logistics Corporation,Prime,Warehousing and Harbor Transportation Service,TOPIX Small 2,True
9325.T,9325,PHYZ Holdings Inc.,Standard,Warehousing and Harbor Transportation Service,-,False
9326.T,9326,"KANTSU HD CO.,LTD.",Growth,Warehousing and Harbor Transportation Service,-,False
9327.T,9327,"e-LogiT co.,ltd.",Standard,Warehousing and Harbor Transportation Service,-,False
9330.T,9330,AGEHA Inc.,Growth,Services,-,False
9331.T,9331,Caster Co.Ltd.,Growth,Services,-,False
9332.T,9332,"NISSO HOLDINGS Co.,Ltd.",Prime,Services,TOPIX Small 2,True
9336.T,9336,"Daiei Kankyo Co.,Ltd.",Prime,Services,TOPIX Small 1,True
9337.T,9337,toridori Inc.,Growth,Services,-,False
9339.T,9339,"COACH A Co.,Ltd.",Standard,Services,-,False
9340.T,9340,"ASO INTERNATIONAL,INC.",Standard,Services,-,False
9341.T,9341,"GENOVA,Inc.",Prime,Services,TOPIX Small 2,True
9342.T,9342,Sumasapo Inc.,Growth,Services,-,False
9343.T,9343,ibis inc.,Growth,Services,-,False
9344.T,9344,Axis Consulting Corporation,Growth,Services,-,False
9345.T,9345,"Bizmates,Inc.",Growth,Services,-,False
9346.T,9346,"Cocorport,Inc.",Growth,Services,-,False
9347.T,9347,"NIPPON KANZAI Holdings Co.,Ltd.",Prime,Services,TOPIX Small 2,True
9348.T,9348,"ispace,inc.",Growth,Services,-,False
9351.T,9351,"TOYO WHARF & WAREHOUSE CO.,LTD.",Standard,Warehousing and Harbor Transportation Service,-,False
9353.T,9353,"SAKURAJIMA FUTO KAISHA,LTD.",Standard,Warehousing and Harbor Transportation Service,-,False
9355.T,9355,RINKO CORPORATION,Standard,Warehousing and Harbor Transportation Service,-,False
9360.T,9360,SUZUYO SHINWART CORPORATION,Standard,Information & Communication,-,False
9361.T,9361,"FUSHIKI KAIRIKU UNSO CO.,LTD.",Standard,Warehousing and Harbor Transportation Service,-,False
9362.T,9362,"HYOKI KAIUN KAISHA,LTD.",Standard,Warehousing and Harbor Transportation Service,-,False
9363.T,9363,"DAIUN CO.,LTD.",Standard,Warehousing and Harbor Transportation Service,-,False
9364.T,9364,"Kamigumi Co.,Ltd.",Prime,Warehousing and Harbor Transportation Service,TOPIX Mid400,True
9365.T,9365,TRADIA CORPORATION,Standard,Warehousing and Harbor Transportation Service,-,False
9366.T,9366,SANRITSU CORPORATION,Standard,Warehousing and Harbor Transportation Service,-,False
9367.T,9367,"DAITO KOUN CO.,LTD.",Standard,Warehousing and Harbor Transportation Service,-,False
9368.T,9368,"KIMURA UNITY CO.,LTD.",Standard,Warehousing and Harbor Transportation Service,-,False
9369.T,9369,K.R.S.Corporation,Standard,Warehousing and Harbor Transportation Service,TOPIX Small 2,False
9376.T,9376,"EURASIA TRAVEL Co.,Ltd.",Standard,Services,-,False
9380.T,9380,"Azuma Shipping Co.,Ltd.",Standard,Warehousing and Harbor Transportation Service,-,False
9381.T,9381,AIT CORPORATION,Prime,Warehousing and Harbor Transportation Service,TOPIX Small 2,True
9385.T,9385,SHOEI CORPORATION,Standard,Chemicals,-,False
9401.T,9401,"TBS HOLDINGS,INC.",Prime,Information & Communication,TOPIX Mid400,True
9404.T,9404,"Nippon Television Holdings,Inc.",Prime,Information & Communication,TOPIX Mid400,True
9405.T,9405,ASAHI BROADCASTING GROUP HOLDINGS CORPORATION,Prime,Information & Communication,TOPIX Small 2,True
9408.T,9408,"BSN MEDIA HOLDINGS,INC.",Standard,Information & Communication,-,False
9409.T,9409,TV Asahi Holdings Corporation,Prime,Information & Communication,TOPIX Small 1,True
9412.T,9412,SKY Perfect JSAT Corporation,Prime,Information & Communication,TOPIX Small 1,True
9413.T,9413,TV TOKYO Holdings Corporation,Prime,Information & Communication,TOPIX Small 1,True
9414.T,9414,Nippon BS Broadcasting Corporation,Standard,Information & Communication,-,False
9416.T,9416,VISION INC.,Prime,Information & Communication,TOPIX Small 1,True
9417.T,9417,"Smartvalue Co.,Ltd.",Standard,Information & Communication,-,False
9418.T,9418,"U-NEXT HOLDINGS Co.,Ltd.",Prime,Information & Communication,TOPIX Small 1,True
9419.T,9419,"WirelessGate,Inc.",Standard,Information & Communication,-,False
9421.T,9421,NJ Holdings Inc.,Standard,Information & Communication,-,False
9423.T,9423,Forval RealStraight Inc.,Standard,Information & Communication,-,False
9424.T,9424,Japan Communications Inc.,Prime,Information & Communication,TOPIX Small 2,True
9425.T,9425,ReYuu Japan Inc.,Standard,Information & Communication,-,False
9428.T,9428,CROPS CORPORATION,Standard,Information & Communication,-,False
9432.T,9432,"NTT,Inc.",Prime,Information & Communication,TOPIX Core30,True
9433.T,9433,KDDI CORPORATION,Prime,Information & Communication,TOPIX Core30,True
9434.T,9434,SoftBank Corp.,Prime,Information & Communication,TOPIX Core30,True
9435.T,9435,"HIKARI TSUSHIN,INC.",Prime,Information & Communication,TOPIX Mid400,True
9436.T,9436,OKINAWA CELLULAR TELEPHONE COMPANY,Standard,Information & Communication,-,False
9438.T,9438,MTI Ltd.,Prime,Information & Communication,TOPIX Small 2,True
9439.T,9439,M・H・GROUP LTD.,Standard,Services,-,False
9441.T,9441,"Bell-Park Co.,Ltd.",Standard,Information & Communication,-,False
9444.T,9444,"TOSHIN HOLDINGS CO.,LTD",Standard,Information & Communication,-,False
9445.T,9445,"FORVAL TELECOM,INC.",Standard,Information & Communication,-,False
9446.T,9446,"SAKAI Holdings CO.,LTD",Standard,Information & Communication,-,False
9449.T,9449,"GMO internet group,Inc.",Prime,Information & Communication,TOPIX Mid400,True
9450.T,9450,Fibergate Inc.,Standard,Information & Communication,TOPIX Small 2,False
9466.T,9466,Aidma Marketing Communication Corporation,Standard,Information & Communication,-,False
9467.T,9467,"AlphaPolis Co.,Ltd.",Growth,Information & Communication,-,False
9468.T,9468,KADOKAWA CORPORATION,Prime,Information & Communication,TOPIX Mid400,True
9470.T,9470,"GAKKEN HOLDINGS CO.,LTD.",Prime,Information & Communication,TOPIX Small 2,True
9474.T,9474,"ZENRIN CO.,LTD.",Prime,Information & Communication,TOPIX Small 2,True
9475.T,9475,"Shobunsha Holdings,Inc.",Standard,Information & Communication,-,False
9476.T,9476,"CHUOKEIZAI-SHA HOLDINGS,INC.",Standard,Information & Communication,-,False
9478.T,9478,"SE Holdings and Incubations Co.,Ltd.",Standard,Information & Communication,-,False
9501.T,9501,"Tokyo Electric Power Company Holdings,Incorporated",Prime,Electric Power and Gas,TOPIX Mid400,True
9502.T,9502,"Chubu Electric Power Company,Incorporated",Prime,Electric Power and Gas,TOPIX Mid400,True
9503.T,9503,"The Kansai Electric Power Company,Incorporated",Prime,Electric Power and Gas,TOPIX Mid400,True
9504.T,9504,"The Chugoku Electric Power Company,Incorporated",Prime,Electric Power and Gas,TOPIX Mid400,True
9505.T,9505,Hokuriku Electric Power Company,Prime,Electric Power and Gas,TOPIX Mid400,True
9506.T,9506,"Tohoku Electric Power Company,Incorporated",Prime,Electric Power and Gas,TOPIX Mid400,True
9507.T,9507,"Shikoku Electric Power Company,Incorporated",Prime,Electric Power and Gas,TOPIX Mid400,True
9508.T,9508,"Kyushu Electric Power Company,Incorporated",Prime,Electric Power and Gas,TOPIX Mid400,True
9509.T,9509,"Hokkaido Electric Power Company,Incorporated",Prime,Electric Power and Gas,TOPIX Mid400,True
9511.T,9511,"The Okinawa Electric Power Company,Incorporated",Prime,Electric Power and Gas,TOPIX Small 1,True
9513.T,9513,"Electric Power Development Co.,Ltd.",Prime,Electric Power and Gas,TOPIX Mid400,True
9514.T,9514,EF-ON INC.,Standard,Electric Power and Gas,TOPIX Small 2,False
9517.T,9517,"eREX Co.,Ltd.",Prime,Electric Power and Gas,TOPIX Small 2,True
9519.T,9519,"RENOVA,Inc.",Prime,Electric Power and Gas,TOPIX Small 1,True
9531.T,9531,"TOKYO GAS CO.,LTD.",Prime,Electric Power and Gas,TOPIX Mid400,True
9532.T,9532,"OSAKA GAS CO.,LTD.",Prime,Electric Power and Gas,TOPIX Mid400,True
9533.T,9533,"TOHO GAS CO.,LTD.",Prime,Electric Power and Gas,TOPIX Mid400,True
9534.T,9534,"HOKKAIDO GAS CO.,LTD.",Prime,Electric Power and Gas,TOPIX Small 2,True
9535.T,9535,"HIROSHIMA GAS CO.,LTD.",Prime,Electric Power and Gas,TOPIX Small 2,True
9536.T,9536,"SAIBU GAS HOLDINGS CO.,LTD.",Prime,Electric Power and Gas,TOPIX Small 2,True
9537.T,9537,"HOKURIKU GAS CO.,LTD.",Standard,Electric Power and Gas,-,False
9539.T,9539,"KEIYO GAS CO.,LTD.",Standard,Electric Power and Gas,-,False
9543.T,9543,"SHIZUOKA GAS CO.,LTD.",Prime,Electric Power and Gas,TOPIX Small 1,True
9551.T,9551,"METAWATER Co.,Ltd.",Prime,Electric Power and Gas,TOPIX Small 1,True
9552.T,9552,"Quants Research Institute Holdings,Inc.",Prime,Services,TOPIX Small 1,True
9553.T,9553,"MicroAd,Inc.",Growth,Services,-,False
9554.T,9554,"AViC Co.,Ltd.",Growth,Services,-,False
9556.T,9556,INTLOOP Inc.,Growth,Services,-,False
9557.T,9557,"airCloset,Inc.",Growth,Services,-,False
9558.T,9558,"Japaniace Co.,Ltd.",Growth,Services,-,False
9560.T,9560,PROGRIT Inc.,Growth,Services,-,False
9561.T,9561,GLAD CUBE Inc.,Growth,Services,-,False
9562.T,9562,Business Coach Inc.,Growth,Services,-,False
9563.T,9563,Atlas Technologies Corporation,Growth,Services,-,False
9564.T,9564,FCE Inc.,Standard,Services,-,False
9565.T,9565,GLOE Inc.,Growth,Services,-,False
9601.T,9601,"Shochiku Co.,Ltd.",Prime,Information & Communication,TOPIX Small 1,True
9602.T,9602,"TOHO CO.,LTD",Prime,Information & Communication,TOPIX Mid400,True
9603.T,9603,"H.I.S.Co.,Ltd.",Prime,Services,TOPIX Small 1,True
9605.T,9605,"TOEI COMPANY,LTD.",Prime,Information & Communication,TOPIX Small 1,True
9610.T,9610,WILSON LEARNING WORLDWIDE INC.,Standard,Services,-,False
9612.T,9612,"LUCKLAND CO.,LTD.",Prime,Services,TOPIX Small 2,True
9616.T,9616,"KYORITSU MAINTENANCE CO.,LTD.",Prime,Services,TOPIX Mid400,True
9619.T,9619,"ICHINEN HOLDINGS CO.,LTD.",Prime,Services,TOPIX Small 2,True
9621.T,9621,"CTI Engineering Co.,Ltd.",Prime,Services,TOPIX Small 1,True
9622.T,9622,"SPACE CO.,LTD.",Prime,Services,TOPIX Small 2,True
9625.T,9625,"CERESPO CO.,LTD.",Standard,Services,-,False
9627.T,9627,AIN HOLDINGS INC.,Prime,Retail Trade,TOPIX Mid400,True
9628.T,9628,"SAN HOLDINGS,INC.",Prime,Services,TOPIX Small 2,True
9629.T,9629,PCA CORPORATION,Prime,Information & Communication,TOPIX Small 2,True
9632.T,9632,"Subaru Enterprise Co.,Ltd.",Standard,Services,TOPIX Small 2,False
9633.T,9633,"TOKYO THEATRES COMPANY,INCORPORATED",Standard,Real Estate,-,False
9635.T,9635,"Musashino Kogyo Co.,Ltd.",Standard,Services,-,False
9636.T,9636,Kin-Ei Corp.,Standard,Services,-,False
9639.T,9639,"SANKYO FRONTIER CO.,LTD.",Standard,Services,-,False
9640.T,9640,"Saison Technology Co.,Ltd.",Standard,Information & Communication,-,False
9644.T,9644,"TANABE CONSULTING GROUP CO.,LTD.",Prime,Services,TOPIX Small 2,True
9647.T,9647,"KYOWA ENGINEERING CONSULTANTS CO.,LTD.",Standard,Services,-,False
9651.T,9651,"Japan Process Development Co.,Ltd.",Standard,Information & Communication,-,False
9656.T,9656,GREENLAND RESORT COMPANY LIMITED,Standard,Services,-,False
9658.T,9658,BUSINESS BRAIN SHOWA・OTA INC.,Prime,Information & Communication,TOPIX Small 2,True
9661.T,9661,"Kabuki-Za Co.,Ltd.",Standard,Services,-,False
9663.T,9663,"NAGAWA CO.,Ltd",Prime,Services,TOPIX Small 2,True
9672.T,9672,"TOKYOTOKEIBA CO.,LTD.",Prime,Services,TOPIX Small 1,True
9678.T,9678,"KANAMOTO CO.,LTD.",Prime,Services,TOPIX Small 1,True
9679.T,9679,"HORAI Co.,Ltd.",Standard,Services,-,False
9682.T,9682,DTS CORPORATION,Prime,Information & Communication,TOPIX Small 1,True
9684.T,9684,"SQUARE ENIX HOLDINGS CO.,LTD.",Prime,Information & Communication,TOPIX Mid400,True
9685.T,9685,"KYCOM HOLDINGS CO.,LTD.",Standard,Information & Communication,-,False
9686.T,9686,"TOYO TEC CO.,LTD.",Standard,Services,-,False
9687.T,9687,"KSK CO.,LTD",Standard,Information & Communication,-,False
9691.T,9691,"RYOMO SYSTEMS CO.,LTD.",Standard,Information & Communication,-,False
9692.T,9692,COMPUTER ENGINEERING & CONSULTING LTD.,Prime,Information & Communication,TOPIX Small 1,True
9697.T,9697,"CAPCOM CO.,LTD.",Prime,Information & Communication,TOPIX Mid400,True
9698.T,9698,"CREO CO.,LTD.",Standard,Information & Communication,-,False
9699.T,9699,"NISHIO HOLDINGS CO.,LTD.",Prime,Services,TOPIX Small 1,True
9701.T,9701,"Tokyo Kaikan Co.,Ltd.",Standard,Services,-,False
9702.T,9702,ISB CORPORATION,Prime,Information & Communication,TOPIX Small 2,True
9704.T,9704,"Agora Hospitality Group Co.,Ltd.",Standard,Services,-,False
9706.T,9706,"Japan Airport Terminal Co.,ltd.",Prime,Real Estate,TOPIX Mid400,True
9708.T,9708,"Imperial Hotel,Ltd.",Standard,Services,-,False
9709.T,9709,"NCS&A CO.,LTD.",Standard,Information & Communication,-,False
9713.T,9713,"THE ROYAL HOTEL,LIMITED",Standard,Services,-,False
9715.T,9715,transcosmos inc.,Prime,Services,TOPIX Small 1,True
9716.T,9716,"NOMURA Co.,Ltd.",Prime,Services,TOPIX Small 1,True
9720.T,9720,"HOTEL NEWGRAND CO.,LTD.",Standard,Services,-,False
9722.T,9722,FUJITA KANKO INC.,Prime,Services,TOPIX Small 1,True
9723.T,9723,"THE KYOTO HOTEL,LTD.",Standard,Services,-,False
9726.T,9726,"KNT-CT Holdings Co.,Ltd.",Standard,Services,TOPIX Small 2,False
9729.T,9729,TOKAI Corp.,Prime,Services,TOPIX Small 2,True
9731.T,9731,"Hakuyosha Company,Ltd.",Standard,Services,-,False
9733.T,9733,Nagase Brothers Inc.,Standard,Services,-,False
9735.T,9735,"SECOM CO.,LTD.",Prime,Services,TOPIX Large70,True
9739.T,9739,NSW Inc.,Prime,Information & Communication,TOPIX Small 2,True
9740.T,9740,"CENTRAL SECURITY PATROLS CO.,LTD.",Prime,Services,TOPIX Small 2,True
9742.T,9742,INES Corporation,Prime,Information & Communication,TOPIX Small 2,True
9743.T,9743,"TANSEISHA CO.,LTD.",Prime,Services,TOPIX Small 1,True
9744.T,9744,MEITEC Group Holdings Inc.,Prime,Services,TOPIX Mid400,True
9746.T,9746,TKC Corporation,Prime,Information & Communication,TOPIX Small 1,True
9753.T,9753,IX Knowledge Incorporated,Standard,Information & Communication,-,False
9755.T,9755,OYO Corporation,Prime,Services,TOPIX Small 2,True
9757.T,9757,Funai Soken Holdings Incorporated,Prime,Services,TOPIX Small 1,True
9759.T,9759,"NSD CO.,LTD.",Prime,Information & Communication,TOPIX Mid400,True
9760.T,9760,"SHINGAKUKAI HOLDINGS CO.,LTD.",Standard,Services,-,False
9761.T,9761,"TOKAI LEASE CO.,LTD.",Standard,Services,-,False
9763.T,9763,"Maruken Lease Co.,Ltd.",Standard,Wholesale Trade,-,False
9765.T,9765,"OHBA CO.,LTD.",Prime,Services,-,True
9766.T,9766,KONAMI GROUP CORPORATION,Prime,Information & Communication,TOPIX Mid400,True
9767.T,9767,"NIKKEN KOGAKU CO.,LTD.",Standard,Services,-,False
9768.T,9768,"IDEA Consultants,Inc.",Standard,Services,-,False
9769.T,9769,"GAKKYUSHA CO.,LTD.",Prime,Services,TOPIX Small 2,True
9778.T,9778,"SUBARU CO.,LTD.",Standard,Services,-,False
9780.T,9780,HARIMA B.STEM CORPORATION,Standard,Services,-,False
9782.T,9782,DMS INC.,Standard,Services,-,False
9788.T,9788,"NAC CO.,LTD.",Prime,Services,TOPIX Small 2,True
9790.T,9790,"Fukui Computer Holdings,Inc.",Prime,Information & Communication,TOPIX Small 2,True
9791.T,9791,BIKEN TECHNO CORPORATION,Standard,Services,-,False
9793.T,9793,"Daiseki Co.,Ltd.",Prime,Services,TOPIX Small 1,True
9795.T,9795,"STEP CO.,LTD.",Prime,Services,TOPIX Small 2,True
9799.T,9799,"ASAHI INTELLIGENCE SERVICE CO.,LTD.",Standard,Information & Communication,-,False
9812.T,9812,"T.O. Holdings CO.,LTD.",Standard,Retail Trade,-,False
9816.T,9816,Striders Corporation,Standard,Real Estate,-,False
9818.T,9818,"DAIMARU ENAWIN Co.,Ltd.",Standard,Wholesale Trade,-,False
9820.T,9820,MT GENEX CORPORATION,Standard,Real Estate,-,False
9823.T,9823,Mammy Mart Holdings Corporation,Standard,Retail Trade,-,False
9824.T,9824,"SENSHU ELECTRIC CO.,LTD.",Prime,Wholesale Trade,TOPIX Small 1,True
9827.T,9827,"Lilycolor Co.,Ltd.",Standard,Wholesale Trade,-,False
9828.T,9828,Genki Global Dining Concepts Corporation,Standard,Retail Trade,TOPIX Small 1,False
9830.T,9830,TRUSCO NAKAYAMA CORPORATION,Prime,Wholesale Trade,TOPIX Small 1,True
9831.T,9831,"YAMADA HOLDINGS CO.,LTD.",Prime,Retail Trade,TOPIX Mid400,True
9832.T,9832,"AUTOBACS SEVEN CO.,LTD.",Prime,Wholesale Trade,TOPIX Small 1,True
9835.T,9835,"JUNTENDO CO.,LTD.",Standard,Retail Trade,-,False
9837.T,9837,"MORITO CO.,LTD.",Prime,Wholesale Trade,TOPIX Small 2,True
9842.T,9842,ARCLANDS CORPORATION,Prime,Retail Trade,TOPIX Small 1,True
9843.T,9843,"Nitori Holdings Co.,Ltd.",Prime,Retail Trade,TOPIX Mid400,True
9845.T,9845,PARKER CORPORATION,Standard,Chemicals,-,False
9846.T,9846,"TENMAYA STORE CO.,LTD.",Standard,Retail Trade,-,False
9849.T,9849,KYODO PAPER HOLDINGS,Standard,Wholesale Trade,-,False
9850.T,9850,"GOURMET KINEYA CO.,LTD.",Prime,Retail Trade,TOPIX Small 2,True
9853.T,9853,"GINZA RENOIR CO.,LTD.",Standard,Retail Trade,-,False
9854.T,9854,"AIGAN CO.,LTD.",Standard,Retail Trade,-,False
9856.T,9856,"KU HOLDINGS CO.,LTD.",Standard,Retail Trade,TOPIX Small 2,False
9857.T,9857,EIWA CORPORATION,Standard,Wholesale Trade,-,False
9861.T,9861,"YOSHINOYA HOLDINGS CO.,LTD.",Prime,Retail Trade,TOPIX Mid400,True
9867.T,9867,Solekia Limited,Standard,Wholesale Trade,-,False
9869.T,9869,"KATO SANGYO CO.,LTD.",Prime,Wholesale Trade,TOPIX Small 1,True
9872.T,9872,"KITAKEI CO.,LTD.",Standard,Wholesale Trade,-,False
9876.T,9876,"COX CO.,LTD.",Standard,Retail Trade,-,False
9878.T,9878,"SEKIDO CO.,LTD.",Standard,Retail Trade,-,False
9880.T,9880,INNOTECH CORPORATION,Prime,Electric Appliances,TOPIX Small 2,True
9882.T,9882,YELLOW HAT LTD.,Prime,Wholesale Trade,TOPIX Small 1,True
9885.T,9885,"CHARLE CO.,LTD.",Standard,Wholesale Trade,-,False
9887.T,9887,"MATSUYA FOODS HOLDINGS CO.,LTD.",Prime,Retail Trade,TOPIX Small 1,True
9888.T,9888,"UEX,LTD.",Standard,Wholesale Trade,-,False
9889.T,9889,JBCC Holdings Inc.,Prime,Information & Communication,TOPIX Small 1,True
9890.T,9890,"MAKIYA CO.,LTD.",Standard,Retail Trade,-,False
9895.T,9895,CONSEC CORPORATION,Standard,Wholesale Trade,-,False
9896.T,9896,"JK Holdings Co.,Ltd.",Standard,Wholesale Trade,TOPIX Small 2,False
9900.T,9900,Sagami Holdings Corporation,Prime,Retail Trade,TOPIX Small 1,True
9902.T,9902,NICHIDEN Corporation,Prime,Wholesale Trade,TOPIX Small 2,True
9903.T,9903,"KANSEKI CO.,LTD",Standard,Retail Trade,-,False
9904.T,9904,"Verite Co.,Ltd.",Standard,Retail Trade,-,False
9906.T,9906,Fujii Sangyo Corporation,Standard,Wholesale Trade,-,False
9908.T,9908,"NIHON DENKEI CO.,LTD",Standard,Wholesale Trade,-,False
9913.T,9913,NIPPO LTD.,Standard,Wholesale Trade,-,False
9914.T,9914,"Uematsu Shokai Co.,Ltd.",Standard,Wholesale Trade,-,False
9928.T,9928,"MIROKU JYOHO SERVICE CO.,LTD.",Prime,Information & Communication,TOPIX Small 2,True
9929.T,9929,"HEIWA PAPER CO.,LTD.",Standard,Wholesale Trade,-,False
9930.T,9930,"KITAZAWA SANGYO CO.,LTD.",Standard,Wholesale Trade,-,False
9932.T,9932,"SUGIMOTO & CO.,LTD.",Prime,Wholesale Trade,TOPIX Small 2,True
9934.T,9934,"INABA DENKISANGYO CO.,LTD.",Prime,Wholesale Trade,TOPIX Mid400,True
9936.T,9936,OHSHO FOOD SERVICE CORP.,Prime,Retail Trade,TOPIX Small 1,True
9941.T,9941,"TAIYO BUSSAN KAISHA,LTD.",Standard,Wholesale Trade,-,False
9946.T,9946,"MINISTOP CO.,LTD.",Prime,Retail Trade,TOPIX Small 2,True
9948.T,9948,"ARCS COMPANY,LIMITED",Prime,Retail Trade,TOPIX Small 1,True
9950.T,9950,"HACHI-BAN CO.,LTD.",Standard,Retail Trade,-,False
9955.T,9955,"THE YONKYU CO.,LTD.",Standard,Wholesale Trade,-,False
9956.T,9956,"VALOR HOLDINGS CO.,LTD.",Prime,Retail Trade,TOPIX Small 1,True
9959.T,9959,"ASEED HOLDINGS CO.,LTD.",Standard,Retail Trade,-,False
9960.T,9960,TOTECH CORPORATION,Prime,Wholesale Trade,TOPIX Small 1,True
9962.T,9962,MISUMI Group Inc.,Prime,Wholesale Trade,TOPIX Mid400,True
9969.T,9969,"SHOKUBUN CO.,LTD.",Standard,Retail Trade,-,False
9972.T,9972,"ALTECH CO.,LTD.",Standard,Wholesale Trade,-,False
9973.T,9973,"KOZO Holdings Co.,Ltd.",Standard,Retail Trade,-,False
9974.T,9974,"Belc CO.,LTD.",Prime,Retail Trade,TOPIX Small 1,True
9976.T,9976,"SEKICHU CO.,LTD.",Standard,Retail Trade,-,False
9978.T,9978,"BUNKYODO GROUP HOLDINGS CO.,LTD.",Standard,Retail Trade,-,False
9979.T,9979,DAISYO CORPORATION,Standard,Retail Trade,TOPIX Small 2,False
9980.T,9980,MRK HOLDINGS INC.,Standard,Retail Trade,-,False
9982.T,9982,"Takihyo Co.,Ltd.",Standard,Wholesale Trade,-,False
9983.T,9983,"FAST RETAILING CO.,LTD.",Prime,Retail Trade,TOPIX Core30,True
9984.T,9984,SoftBank Group Corp.,Prime,Information & Communication,TOPIX Core30,True
9986.T,9986,"ZAOH COMPANY,LTD.",Standard,Wholesale Trade,-,False
9987.T,9987,"SUZUKEN CO.,LTD.",Prime,Wholesale Trade,TOPIX Mid400,True
9989.T,9989,"SUNDRUG CO.,LTD.",Prime,Retail Trade,TOPIX Mid400,True
9990.T,9990,SAC'S BAR HOLDINGS INC.,Prime,Retail Trade,TOPIX Small 2,True
9991.T,9991,GECOSS CORPORATION,Prime,Wholesale Trade,TOPIX Small 2,True
9993.T,9993,"YAMAZAWA CO.,LTD.",Standard,Retail Trade,-,False
9994.T,9994,YAMAYA CORPORATION,Standard,Retail Trade,-,False
9996.T,9996,"Satoh&Co.,Ltd.",Standard,Wholesale Trade,-,False
9997.T,9997,"BELLUNA CO.,LTD.",Prime,Retail Trade,TOPIX Small 1,True
